epoch,learning_rate,train_loss,val_loss,test_loss,val_seq_acc,val_char_acc,val_edit_distance,test_seq_acc,test_char_acc,test_edit_distance,position_1_acc,position_2_acc,position_3_acc,position_4_acc,position_5_acc,saved_at
1,0.001,0.4308387603605166,0.09066294879366954,0.08898428871314973,0.8432666666666667,0.9532,0.17006666666666667,0.8445333333333334,0.954,0.16806666666666667,0.9721333333333333,0.9584,0.9527333333333333,0.9423333333333334,0.9404,2026-05-25T12:19:41.968555
2,0.001,0.10579886295520036,0.06365388331877378,0.06068088943095257,0.8914,0.96804,0.115,0.8927333333333334,0.96844,0.1124,0.9826666666666667,0.9712,0.9636666666666667,0.9616,0.9610666666666666,2026-05-25T12:25:04.975250
3,0.001,0.08128993186743796,0.04031543701820386,0.038601168436324225,0.9361333333333334,0.9816133333333333,0.0668,0.9360666666666667,0.9816666666666667,0.066,0.9902,0.9847333333333333,0.9790666666666666,0.9766666666666667,0.9774,2026-05-25T12:30:39.028132
4,0.001,0.06892300394626467,0.03525365208017174,0.033766885491212206,0.9420666666666667,0.9838533333333334,0.060066666666666664,0.9418666666666666,0.9837466666666667,0.0606,0.9894,0.9861333333333333,0.983,0.9806,0.9801333333333333,2026-05-25T12:35:34.627638
5,0.001,0.0600261768788698,0.03992405299202462,0.03809081947107334,0.9373333333333334,0.9821866666666667,0.06526666666666667,0.94,0.9832666666666666,0.06233333333333333,0.9904666666666667,0.9864666666666667,0.9816,0.9764,0.976,2026-05-25T12:40:28.945337
6,0.001,0.05528653446415306,0.02939869022378698,0.027782389285826745,0.9508,0.9856666666666667,0.050666666666666665,0.9524666666666667,0.98692,0.04906666666666667,0.9917333333333334,0.9878,0.9845333333333334,0.9825333333333334,0.9817333333333333,2026-05-25T12:45:22.373828
7,0.001,0.051328154030581934,0.03335941602435584,0.0327485159697632,0.9446,0.98372,0.05726666666666667,0.9428666666666666,0.9838533333333334,0.0588,0.9904666666666667,0.9857333333333334,0.9829333333333333,0.9799333333333333,0.9795333333333334,2026-05-25T12:50:15.577865
8,0.001,0.04840526505389384,0.045793790107158325,0.04169385950636739,0.9349333333333333,0.9832666666666666,0.0676,0.9374666666666667,0.9837333333333333,0.0652,0.99,0.9834,0.983,0.9808666666666667,0.9790666666666666,2026-05-25T12:55:08.291647
9,0.001,0.04605406629949409,0.023785707336299432,0.022642061316771045,0.9595333333333333,0.98968,0.041466666666666666,0.9613333333333334,0.9902,0.039733333333333336,0.9933333333333333,0.9905333333333334,0.9898,0.9878666666666667,0.9868666666666667,2026-05-25T12:59:59.674284
10,0.001,0.042929880659683006,0.0262694438189889,0.02526568965802823,0.9602666666666667,0.9888266666666666,0.041,0.9593333333333334,0.9888666666666667,0.041933333333333336,0.9948,0.9906666666666667,0.9882666666666666,0.9854666666666667,0.9849333333333333,2026-05-25T13:04:51.360371
11,0.001,0.04174006425654682,0.02628299335486857,0.024788711127976423,0.9556,0.9887333333333334,0.04513333333333333,0.9578,0.9893333333333333,0.043533333333333334,0.9922,0.9903333333333333,0.9884,0.9858666666666667,0.9868666666666667,2026-05-25T13:09:45.064151
12,0.001,0.04038659107945028,0.030214941858752474,0.02844496381684439,0.9476,0.98696,0.0538,0.9487333333333333,0.9878666666666667,0.0526,0.9898666666666667,0.9868666666666667,0.9866,0.9849333333333333,0.9865333333333334,2026-05-25T13:14:37.170885
13,0.001,0.03952107658631035,0.03231065199152217,0.031044869787692247,0.9518,0.98588,0.04986666666666666,0.9535333333333333,0.9867333333333334,0.047266666666666665,0.9926666666666667,0.9887333333333334,0.9847333333333333,0.9822,0.9810666666666666,2026-05-25T13:19:29.404563
14,0.001,0.03759654141935088,0.02461836322668872,0.02372648443997702,0.9586,0.98908,0.042133333333333335,0.9608666666666666,0.9897733333333333,0.0402,0.9936,0.9896666666666667,0.9870666666666666,0.9876666666666667,0.9874,2026-05-25T13:24:21.735426
15,0.001,0.03777051655546612,0.03215805100132129,0.028907946803069597,0.9503333333333334,0.9864266666666667,0.0516,0.9504666666666667,0.9870266666666667,0.0508,0.9923333333333333,0.9878,0.9860666666666666,0.9825333333333334,0.9834,2026-05-25T13:29:14.379818
16,0.001,0.03605126254613195,0.027107163079515644,0.02610347125531795,0.957,0.9888133333333333,0.044533333333333334,0.9566666666666667,0.98896,0.044333333333333336,0.9932,0.9910666666666667,0.988,0.9853333333333333,0.9864666666666667,2026-05-25T13:34:07.609243
17,0.001,0.03568988736414717,0.023189833195893638,0.020197227604334088,0.9628666666666666,0.9906266666666667,0.038066666666666665,0.9650666666666666,0.9910533333333333,0.035866666666666665,0.9945333333333334,0.9920666666666667,0.9892666666666666,0.9887333333333334,0.9885333333333334,2026-05-25T13:39:00.321571
18,0.001,0.0346543314533067,0.025785181878412066,0.025031243226551064,0.959,0.9887733333333333,0.041933333333333336,0.9595333333333333,0.98876,0.0412,0.9942,0.9902666666666666,0.9878666666666667,0.9864,0.9851333333333333,2026-05-25T13:43:53.825826
19,0.001,0.033583713782836484,0.022954826134454924,0.022719790570422387,0.9619333333333333,0.9899866666666667,0.039066666666666666,0.9629333333333333,0.9900266666666667,0.038266666666666664,0.993,0.9914,0.9893333333333333,0.988,0.9882,2026-05-25T13:48:44.271958
20,0.001,0.03374367655035624,0.024091692744602915,0.022470819649575667,0.9625333333333334,0.9899733333333334,0.03866666666666667,0.9640666666666666,0.99072,0.03673333333333333,0.9940666666666667,0.9908,0.9890666666666666,0.9885333333333334,0.9874,2026-05-25T13:53:37.006314
21,0.001,0.033045582208903836,0.019806266466542245,0.019370461528963642,0.9685333333333334,0.9917066666666666,0.032266666666666666,0.9693333333333334,0.9919066666666667,0.03133333333333333,0.9954666666666667,0.9932,0.9902,0.9902,0.9894666666666667,2026-05-25T13:58:29.711474
22,0.001,0.032099996032027,0.02108445702941099,0.020128975280110414,0.967,0.99136,0.03406666666666667,0.9680666666666666,0.9917733333333333,0.03286666666666667,0.9947333333333334,0.9918666666666667,0.9904666666666667,0.9902666666666666,0.9894666666666667,2026-05-25T14:03:22.665744
23,0.001,0.031968015224371,0.021043430330612317,0.01875092253211187,0.9653333333333334,0.9912133333333333,0.03546666666666667,0.9680666666666666,0.9925066666666666,0.03253333333333333,0.9934,0.9921333333333333,0.9912,0.9893333333333333,0.99,2026-05-25T14:08:15.785127
24,0.001,0.03153242043856548,0.02540983300792092,0.02327199271376109,0.9618666666666666,0.9894533333333333,0.0392,0.9631333333333333,0.99064,0.038066666666666665,0.9937333333333334,0.9909333333333333,0.9882,0.9880666666666666,0.9863333333333333,2026-05-25T14:13:09.275247
25,0.001,0.03109001727739482,0.021307085147331237,0.018216917147205094,0.9670666666666666,0.99156,0.033666666666666664,0.9698,0.9926533333333334,0.030733333333333335,0.9944666666666667,0.9925333333333334,0.9906666666666667,0.9904666666666667,0.9896666666666667,2026-05-25T14:18:02.270672
26,0.001,0.030354182739267294,0.024517757276730844,0.0244143609718342,0.9647333333333333,0.9895733333333333,0.0366,0.9652,0.9895466666666667,0.035866666666666665,0.9934666666666667,0.9919333333333333,0.9884,0.9872666666666666,0.9868,2026-05-25T14:22:54.477403
27,0.001,0.030196776093018705,0.02344764938453445,0.021369710376438644,0.9628666666666666,0.9903866666666666,0.0384,0.9633333333333334,0.99052,0.037533333333333335,0.994,0.9922,0.9894,0.9887333333333334,0.9876,2026-05-25T14:27:47.543629
28,0.001,0.029936446736643224,0.021424933488997825,0.01981422739296395,0.9646,0.9910933333333334,0.03613333333333334,0.9667333333333333,0.9918,0.034,0.994,0.9918666666666667,0.9908,0.9891333333333333,0.9896666666666667,2026-05-25T14:32:40.777713
29,0.001,0.028682268512453552,0.019766584333258893,0.018144869172825324,0.9686666666666667,0.9924666666666667,0.03186666666666667,0.9698,0.9923066666666667,0.0308,0.9945333333333334,0.9926666666666667,0.9922666666666666,0.9912666666666666,0.9916,2026-05-25T14:37:40.168192
30,0.001,0.02892560437896505,0.023788481022665897,0.021639261156336093,0.9662,0.9909066666666667,0.0348,0.9678,0.9913466666666667,0.0332,0.9952666666666666,0.9916666666666667,0.9906666666666667,0.9887333333333334,0.9882,2026-05-25T14:42:43.186243
31,0.001,0.028476927545039714,0.017549511869307755,0.01738825732319092,0.9718666666666667,0.9929866666666667,0.028533333333333334,0.9716666666666667,0.9928933333333333,0.028733333333333333,0.9954666666666667,0.9938666666666667,0.9924666666666667,0.9914666666666667,0.9916666666666667,2026-05-25T14:47:53.802053
32,0.001,0.028079743287612553,0.018260960902242367,0.017986508364685384,0.9700666666666666,0.9926266666666667,0.030733333333333335,0.9718666666666667,0.99328,0.028666666666666667,0.9951333333333333,0.9932666666666666,0.9922666666666666,0.9913333333333333,0.9911333333333333,2026-05-25T14:53:11.129291
33,0.001,0.027023203738478645,0.019470217879798777,0.017583820830660745,0.9704666666666667,0.99252,0.030066666666666665,0.9714,0.9929333333333333,0.029466666666666665,0.9957333333333334,0.9938666666666667,0.992,0.9912,0.9898,2026-05-25T14:58:22.201114
34,0.001,0.02704230328093025,0.02294750294163144,0.02245365502294832,0.9646666666666667,0.9905866666666666,0.036066666666666664,0.9644,0.99092,0.03666666666666667,0.9942666666666666,0.9916666666666667,0.9904,0.9884666666666667,0.9881333333333333,2026-05-25T15:03:42.797854
35,0.001,0.027626519096763304,0.02418929678906861,0.023577272739921076,0.9592,0.98984,0.0418,0.9590666666666666,0.99048,0.04186666666666667,0.9935333333333334,0.9919333333333333,0.9884,0.9879333333333333,0.9874,2026-05-25T15:09:09.446327
36,0.001,0.02710074555863144,0.017753736687061126,0.015929710697856595,0.9736666666666667,0.9932133333333333,0.026866666666666667,0.9745333333333334,0.9936533333333334,0.0258,0.9965333333333334,0.9942,0.9923333333333333,0.9917333333333334,0.9912666666666666,2026-05-25T15:14:28.973884
37,0.001,0.026455185073384617,0.020488570020792154,0.01983942260387897,0.9682666666666667,0.9917333333333334,0.032266666666666666,0.9692666666666667,0.9917733333333333,0.031466666666666664,0.9954666666666667,0.9929333333333333,0.9904666666666667,0.9899333333333333,0.9898666666666667,2026-05-25T15:19:52.438386
38,0.001,0.025920577607794464,0.017108391357219078,0.015538721422186548,0.9722,0.9929333333333333,0.028133333333333333,0.9734666666666667,0.9932933333333334,0.026933333333333333,0.9962666666666666,0.994,0.992,0.9916666666666667,0.9907333333333334,2026-05-25T15:25:07.569001
39,0.001,0.025924881607913577,0.017557943424226445,0.015754688705396258,0.9724666666666667,0.9931466666666666,0.028,0.9733333333333334,0.9931733333333334,0.027266666666666668,0.9955333333333334,0.9946,0.9921333333333333,0.9924,0.9910666666666667,2026-05-25T15:30:29.766219
40,0.001,0.026017113131702147,0.015132611826438127,0.014464042282127776,0.9748,0.9940133333333333,0.025666666666666667,0.9753333333333334,0.9938,0.024866666666666665,0.9959333333333333,0.9940666666666667,0.994,0.9934,0.9926666666666667,2026-05-25T15:35:38.679235
41,0.001,0.025118041112866817,0.020218201044011706,0.018189821312062364,0.9710666666666666,0.9921866666666667,0.029466666666666665,0.9720666666666666,0.9926666666666667,0.028466666666666668,0.9958,0.9939333333333333,0.9907333333333334,0.9902,0.9902666666666666,2026-05-25T15:40:45.585676
42,0.001,0.02516787181786744,0.018340518891675553,0.01681189820287594,0.9706,0.99268,0.029933333333333333,0.9733333333333334,0.9934666666666667,0.027066666666666666,0.9956666666666667,0.9923333333333333,0.9924666666666667,0.992,0.9909333333333333,2026-05-25T15:45:52.532619
43,0.001,0.025314205317191748,0.01720183915031909,0.015072506818035618,0.9717333333333333,0.9928133333333333,0.028733333333333333,0.9756666666666667,0.9939333333333333,0.02493333333333333,0.9958666666666667,0.9932666666666666,0.9918,0.9916666666666667,0.9914666666666667,2026-05-25T15:50:58.651587
44,0.001,0.02525472675506774,0.01844595597754281,0.016499864192149834,0.9710666666666666,0.9926,0.029533333333333335,0.9731333333333333,0.9933066666666667,0.027466666666666667,0.9956,0.9934,0.9923333333333333,0.9907333333333334,0.9909333333333333,2026-05-25T15:55:50.786256
45,0.001,0.02421758159156473,0.018276487763136295,0.016795757690057023,0.9712666666666666,0.9924266666666667,0.029266666666666667,0.9727333333333333,0.9931866666666667,0.027666666666666666,0.9955333333333334,0.993,0.9918666666666667,0.9910666666666667,0.9906666666666667,2026-05-25T16:00:44.484696
46,0.001,0.02427100055523915,0.02645746532359626,0.024603485648169103,0.9589333333333333,0.9897466666666667,0.0418,0.9613333333333334,0.9905466666666667,0.039266666666666665,0.9917333333333334,0.989,0.9904,0.9880666666666666,0.9895333333333334,2026-05-25T16:05:38.643534
47,0.001,0.023967877440039802,0.017624539603750843,0.01468723290854541,0.975,0.9934666666666667,0.0252,0.9768666666666667,0.9945066666666666,0.0234,0.9962,0.9943333333333333,0.9932,0.9922,0.9914,2026-05-25T16:10:31.928707
48,0.001,0.023822675234243175,0.01834770828124747,0.016358601157571442,0.9722666666666666,0.9931333333333333,0.0284,0.9743333333333334,0.9935866666666666,0.026066666666666665,0.996,0.995,0.9924666666666667,0.9911333333333333,0.9910666666666667,2026-05-25T16:15:24.390348
49,0.001,0.02301544323613468,0.019439051039048354,0.016249274546977055,0.9718666666666667,0.9924666666666667,0.028933333333333332,0.9729333333333333,0.9935066666666666,0.027733333333333332,0.9953333333333333,0.9930666666666667,0.9920666666666667,0.9912666666666666,0.9906,2026-05-25T16:20:52.618959
50,0.001,0.022958151369748936,0.01645356763143136,0.014037763226659566,0.9761333333333333,0.9943333333333333,0.024533333333333334,0.9774,0.9947333333333334,0.022733333333333335,0.9963333333333333,0.9951333333333333,0.9932,0.9937333333333334,0.9932666666666666,2026-05-25T16:26:20.871448
51,0.0001,0.012884939239574098,0.013886283757148583,0.011266413453049729,0.979,0.99496,0.021333333333333333,0.9813333333333333,0.99572,0.018933333333333333,0.9966666666666667,0.9951333333333333,0.9940666666666667,0.9949333333333333,0.994,2026-05-25T16:31:43.320689
52,0.0001,0.011518410424957359,0.014555008026541054,0.011613970941266856,0.9794,0.9952933333333334,0.020933333333333335,0.9806666666666667,0.99556,0.019533333333333333,0.9966666666666667,0.9958,0.9944666666666667,0.9954,0.9941333333333333,2026-05-25T16:37:05.353883
53,0.0001,0.01073152015647377,0.01426153732071034,0.010878337598679204,0.98,0.9953466666666667,0.0204,0.9821333333333333,0.996,0.018133333333333335,0.9966666666666667,0.9956,0.9948,0.9952,0.9944666666666667,2026-05-25T16:42:33.911923
54,0.0001,0.010261991251694209,0.014538261957511539,0.011350224229774145,0.9801333333333333,0.99524,0.020266666666666665,0.9820666666666666,0.9959066666666667,0.018133333333333335,0.9967333333333334,0.9961333333333333,0.9944,0.9949333333333333,0.994,2026-05-25T16:47:49.843179
55,0.0001,0.010326930452543508,0.013069547795973357,0.010337029774765446,0.9808666666666667,0.99576,0.019333333333333334,0.9835333333333334,0.9962533333333333,0.016533333333333334,0.9968,0.9959333333333333,0.9953333333333333,0.9954,0.9953333333333333,2026-05-25T16:53:19.469876
56,0.0001,0.009835283536297253,0.014033865913246336,0.011439040520387758,0.9803333333333333,0.9953333333333333,0.019933333333333334,0.9808,0.9956133333333334,0.019466666666666667,0.9967333333333334,0.9959333333333333,0.9946,0.9953333333333333,0.9940666666666667,2026-05-25T16:59:15.678874
57,0.0001,0.009509954781489277,0.013466424450709193,0.010198868677639795,0.9809333333333333,0.9955866666666666,0.019333333333333334,0.9828,0.9962533333333333,0.017333333333333333,0.9967333333333334,0.9963333333333333,0.9951333333333333,0.9949333333333333,0.9948,2026-05-25T17:04:18.598108
58,0.0001,0.009649902013220864,0.013558851564404036,0.010757128183815008,0.9807333333333333,0.99544,0.019533333333333333,0.9825333333333334,0.9958933333333333,0.017666666666666667,0.9967333333333334,0.9960666666666667,0.9948666666666667,0.9948,0.9947333333333334,2026-05-25T17:09:20.962656
59,0.0001,0.009246937782448056,0.013868499837255558,0.011191470933714698,0.9802666666666666,0.99532,0.019933333333333334,0.9822,0.99596,0.018,0.9966,0.9959333333333333,0.9948,0.9948666666666667,0.9944,2026-05-25T17:14:29.888648
60,0.0001,0.009373491243121004,0.013506632224711127,0.011245237529583275,0.9810666666666666,0.9955866666666666,0.0192,0.9825333333333334,0.996,0.017666666666666667,0.9966,0.9963333333333333,0.9952,0.9953333333333333,0.9944666666666667,2026-05-25T17:19:46.167462
61,0.0001,0.009183611996500363,0.012803802463728736,0.010785902855062554,0.9812666666666666,0.9956933333333333,0.0188,0.9836666666666667,0.9964,0.0164,0.9973333333333333,0.9959333333333333,0.9951333333333333,0.9951333333333333,0.9949333333333333,2026-05-25T17:24:50.106526
62,0.0001,0.008777465512595674,0.012778470038538277,0.01025746772655707,0.981,0.9954933333333333,0.019133333333333332,0.9827333333333333,0.9960666666666667,0.017333333333333333,0.9969333333333333,0.9960666666666667,0.9948,0.9951333333333333,0.9945333333333334,2026-05-25T17:29:55.501787
63,0.0001,0.009015160940897892,0.011927305273097492,0.010516089542299779,0.9815333333333334,0.9956533333333333,0.0186,0.9838666666666667,0.99632,0.01633333333333333,0.9972666666666666,0.9961333333333333,0.9952666666666666,0.9951333333333333,0.9944666666666667,2026-05-25T17:34:59.012604
64,0.0001,0.008790437903899823,0.013370713742113786,0.011396212292187362,0.9807333333333333,0.9957866666666667,0.019533333333333333,0.9819333333333333,0.996,0.018333333333333333,0.9968666666666667,0.9963333333333333,0.9952666666666666,0.9956666666666667,0.9948,2026-05-25T17:39:55.457634
65,0.0001,0.008291279415844474,0.013298241164648119,0.01116013709165203,0.9810666666666666,0.9955733333333333,0.019133333333333332,0.9828666666666667,0.9960266666666666,0.017333333333333333,0.9970666666666667,0.9960666666666667,0.9952,0.9952666666666666,0.9942666666666666,2026-05-25T17:44:50.110924
66,0.0001,0.008992878342857927,0.012482228329403317,0.010823842784815785,0.9821333333333333,0.996,0.01806666666666667,0.9834666666666667,0.9963733333333333,0.0166,0.9974,0.9964666666666666,0.9956,0.9954666666666667,0.9950666666666667,2026-05-25T17:49:46.631987
67,0.0001,0.008563841047187088,0.011911766192365008,0.010777676824719924,0.9819333333333333,0.9958,0.018133333333333335,0.9838,0.9963866666666666,0.0164,0.9974,0.9962666666666666,0.9956666666666667,0.995,0.9946666666666667,2026-05-25T17:54:40.275927
68,0.0001,0.00852048237015463,0.013446911936670315,0.011565728258523983,0.9816,0.9956533333333333,0.0186,0.9826666666666667,0.9961466666666666,0.017533333333333335,0.9972666666666666,0.9964666666666666,0.995,0.9952,0.9943333333333333,2026-05-25T17:59:33.809270
69,0.0001,0.008138015074858257,0.012086518874128012,0.009783427503043693,0.9832666666666666,0.996,0.016933333333333335,0.9846,0.9966,0.015533333333333333,0.9976,0.9966,0.9953333333333333,0.9952,0.9952666666666666,2026-05-25T18:04:26.395043
70,0.0001,0.008224360786693172,0.013175665026984045,0.011104512066248616,0.9820666666666666,0.9959733333333334,0.018,0.984,0.9963866666666666,0.016133333333333333,0.9976,0.9966,0.9953333333333333,0.9952666666666666,0.9950666666666667,2026-05-25T18:09:19.612377
71,0.0001,0.008283983767124144,0.012981891663830573,0.010599928425125136,0.9818,0.99588,0.018266666666666667,0.9842666666666666,0.9964133333333334,0.015866666666666668,0.9974666666666666,0.9959333333333333,0.9955333333333334,0.9954,0.9950666666666667,2026-05-25T18:14:12.689333
72,0.0001,0.007973329149245702,0.012751178601449698,0.011142584220869526,0.9818666666666667,0.99584,0.018333333333333333,0.9834,0.9963066666666667,0.016933333333333335,0.9970666666666667,0.9963333333333333,0.9953333333333333,0.9954,0.9950666666666667,2026-05-25T18:19:05.281604
73,0.0001,0.00845383871507225,0.012157605481381253,0.010564230915887004,0.9822666666666666,0.9960266666666666,0.0178,0.9835333333333334,0.9962666666666666,0.016666666666666666,0.9974666666666666,0.9961333333333333,0.9955333333333334,0.9959333333333333,0.9950666666666667,2026-05-25T18:23:58.796669
74,0.0001,0.008118323088672644,0.012777063721262995,0.010533539128948286,0.9828666666666667,0.9962133333333333,0.017333333333333333,0.9833333333333333,0.9961866666666667,0.017,0.9973333333333333,0.9968,0.9958,0.9959333333333333,0.9952,2026-05-25T18:28:52.078511
75,0.0001,0.008044401878339548,0.013477549598995216,0.012123565175033824,0.9808,0.9955866666666666,0.019533333333333333,0.9821333333333333,0.99608,0.0182,0.997,0.9962666666666666,0.9950666666666667,0.9954666666666667,0.9941333333333333,2026-05-25T18:33:45.166135
76,0.0001,0.008321383852251632,0.011797453873254144,0.010174243908116767,0.9822,0.9958266666666666,0.01806666666666667,0.9847333333333333,0.9964933333333333,0.0154,0.9969333333333333,0.9960666666666667,0.996,0.9955333333333334,0.9946,2026-05-25T18:38:38.461464
77,0.0001,0.00740295583125457,0.013256419344296068,0.011059463287324203,0.9816,0.9957333333333334,0.0186,0.9842,0.9966933333333333,0.015866666666666668,0.9974,0.9961333333333333,0.9952,0.9948666666666667,0.9950666666666667,2026-05-25T18:43:31.577600
78,0.0001,0.007800842030863922,0.013025365710437276,0.010467949110810896,0.9832666666666666,0.9962,0.016933333333333335,0.9843333333333333,0.9964933333333333,0.0158,0.9978666666666667,0.9966666666666667,0.9955333333333334,0.9956666666666667,0.9952666666666666,2026-05-25T18:48:25.589658
79,0.0001,0.008103714755227935,0.013475942535974183,0.011126337585006437,0.9818,0.99564,0.018533333333333332,0.9829333333333333,0.9961466666666666,0.017266666666666666,0.9972666666666666,0.9964666666666666,0.9949333333333333,0.9951333333333333,0.9944,2026-05-25T18:53:19.317737
80,0.0001,0.007986552907420627,0.012728200002070696,0.010597192465150876,0.9818666666666667,0.9958666666666667,0.0184,0.984,0.9963466666666667,0.016066666666666667,0.9974666666666666,0.9958666666666667,0.995,0.9956,0.9954,2026-05-25T18:58:13.567570
81,0.0001,0.007727391211970462,0.012397846635571736,0.01059285105660258,0.9826,0.9960133333333333,0.0176,0.9848,0.99664,0.015266666666666666,0.9977333333333334,0.9964,0.9952666666666666,0.9958,0.9948666666666667,2026-05-25T19:03:05.214926
82,0.0001,0.007686244017819679,0.012607135851180482,0.009758476725243723,0.9827333333333333,0.9958933333333333,0.0176,0.9839333333333333,0.9963733333333333,0.0162,0.9971333333333333,0.9961333333333333,0.9954,0.9952666666666666,0.9955333333333334,2026-05-25T19:07:58.731354
83,0.0001,0.007734127531361667,0.013519226342159262,0.01131694138451621,0.9809333333333333,0.9955466666666667,0.019333333333333334,0.9832,0.9962266666666667,0.017133333333333334,0.9972,0.996,0.9952666666666666,0.9951333333333333,0.9941333333333333,2026-05-25T19:12:52.324938
84,0.0001,0.007998168046401561,0.011905868832431296,0.010575864229339474,0.9827333333333333,0.9960533333333333,0.017466666666666665,0.9833333333333333,0.9964133333333334,0.016733333333333333,0.9971333333333333,0.9964666666666666,0.9958,0.9954,0.9954666666666667,2026-05-25T19:17:45.246371
85,0.0001,0.007635942067366497,0.012514376566386858,0.011340741889553465,0.9828666666666667,0.99596,0.017466666666666665,0.9845333333333334,0.9966266666666667,0.015666666666666666,0.9971333333333333,0.9962,0.9955333333333334,0.9958,0.9951333333333333,2026-05-25T19:22:38.539873
86,0.0001,0.007035604740235534,0.012470771678891972,0.011262884220810083,0.9817333333333333,0.99568,0.0186,0.9828666666666667,0.99616,0.017266666666666666,0.9970666666666667,0.996,0.9954666666666667,0.9948666666666667,0.995,2026-05-25T19:27:31.438922
87,0.0001,0.007381524770307338,0.013138473146936957,0.011067658619413204,0.9824,0.9958933333333333,0.017933333333333332,0.9835333333333334,0.9963333333333333,0.0166,0.9972666666666666,0.9964666666666666,0.9954,0.9954666666666667,0.9948666666666667,2026-05-25T19:32:24.712478
88,0.0001,0.007541746849944255,0.013430637737111083,0.010789444134897913,0.9813333333333333,0.9957066666666666,0.018866666666666667,0.9834,0.9963733333333333,0.016666666666666666,0.9974666666666666,0.9964666666666666,0.9946666666666667,0.9949333333333333,0.995,2026-05-25T19:37:17.263114
89,0.0001,0.007262005995801467,0.0126894310252302,0.010831967345904423,0.9823333333333333,0.9958933333333333,0.0178,0.984,0.99624,0.016066666666666667,0.9974,0.9962666666666666,0.9956,0.9953333333333333,0.9948666666666667,2026-05-25T19:42:10.717840
90,0.0001,0.007572392357686632,0.013379333491610024,0.010959654531662054,0.982,0.9958133333333333,0.0184,0.9828666666666667,0.9960933333333334,0.0174,0.9971333333333333,0.9962666666666666,0.9956,0.9953333333333333,0.9947333333333334,2026-05-25T19:47:04.883126
91,0.0001,0.006890933189928105,0.012407517562080148,0.010179568937572282,0.9827333333333333,0.9958933333333333,0.0174,0.9841333333333333,0.99652,0.016,0.9974,0.9962,0.9954666666666667,0.9950666666666667,0.9953333333333333,2026-05-25T19:51:58.625659
92,0.0001,0.007116506568330936,0.013951820519367598,0.011675942605781392,0.9810666666666666,0.99576,0.019066666666666666,0.9826,0.99624,0.0176,0.997,0.9966666666666667,0.9954,0.9950666666666667,0.9946666666666667,2026-05-25T19:56:51.224737
93,0.0001,0.006851992880727786,0.0140143985021081,0.011177637293924245,0.9823333333333333,0.9959333333333333,0.017733333333333334,0.9839333333333333,0.9963733333333333,0.0162,0.9975333333333334,0.9959333333333333,0.9958,0.9949333333333333,0.9954666666666667,2026-05-25T20:01:44.352468
94,0.0001,0.00698455825728271,0.01337130819498584,0.011602003370545273,0.9824,0.9960933333333334,0.017733333333333334,0.9826666666666667,0.996,0.017466666666666665,0.9971333333333333,0.9962666666666666,0.9956,0.9960666666666667,0.9954,2026-05-25T20:06:37.372709
95,0.0001,0.007047888136040378,0.01283829595714042,0.010396991985521345,0.9824,0.9958666666666667,0.017733333333333334,0.9844,0.9965066666666667,0.015666666666666666,0.9974,0.9962666666666666,0.9957333333333334,0.9950666666666667,0.9948666666666667,2026-05-25T20:11:30.697412
96,0.0001,0.006994645925370215,0.013125062908155629,0.010362913910467909,0.9824,0.9958133333333333,0.0178,0.9842666666666666,0.9964666666666666,0.015933333333333334,0.9972,0.9962666666666666,0.9956666666666667,0.9947333333333334,0.9952,2026-05-25T20:16:27.688667
97,0.0001,0.006902521734927476,0.0135145739909532,0.010902860414782833,0.9827333333333333,0.9960133333333333,0.0174,0.9842666666666666,0.9964533333333333,0.015933333333333334,0.9976,0.9959333333333333,0.9957333333333334,0.9952,0.9956,2026-05-25T20:21:28.503256
98,0.0001,0.007039725564326442,0.01378880394053026,0.011745964834295165,0.9826666666666667,0.99596,0.017466666666666665,0.984,0.99628,0.016133333333333333,0.9973333333333333,0.9961333333333333,0.9954,0.9955333333333334,0.9954,2026-05-25T20:26:27.224409
99,0.0001,0.006923606673696122,0.013256366175146887,0.011028792090544293,0.9822,0.9958666666666667,0.017933333333333332,0.9840666666666666,0.99652,0.016133333333333333,0.9971333333333333,0.9962,0.9956,0.9952,0.9952,2026-05-25T20:31:21.511290
100,0.0001,0.007266526569736171,0.013339448373771028,0.01043648672507859,0.9822,0.9957066666666666,0.018,0.9844,0.9965066666666667,0.015666666666666666,0.9974,0.9957333333333334,0.9950666666666667,0.995,0.9953333333333333,2026-05-25T20:36:20.052365
101,1e-05,0.006257181677738897,0.013033888820577263,0.010499045667594145,0.9830666666666666,0.996,0.017133333333333334,0.984,0.99652,0.016066666666666667,0.9975333333333334,0.9961333333333333,0.9956,0.9953333333333333,0.9954,2026-05-25T20:41:15.283104
102,1e-05,0.0061116368211285585,0.012947549394970045,0.010357044757675363,0.9830666666666666,0.9959466666666666,0.0172,0.984,0.9964266666666667,0.016133333333333333,0.9975333333333334,0.9961333333333333,0.9954,0.9953333333333333,0.9953333333333333,2026-05-25T20:46:09.597677
103,1e-05,0.006108093870478024,0.012859325825218279,0.010378909575629947,0.9830666666666666,0.9960933333333334,0.0172,0.9835333333333334,0.9963333333333333,0.0166,0.9974666666666666,0.9966,0.9956,0.9954666666666667,0.9953333333333333,2026-05-25T20:51:07.438682
104,1e-05,0.0059104929285540495,0.012729837198770688,0.010022316352288693,0.9828666666666667,0.9959866666666667,0.017266666666666666,0.9846666666666667,0.99672,0.0154,0.9974,0.9964666666666666,0.9954,0.9953333333333333,0.9953333333333333,2026-05-25T20:56:02.259382
105,1e-05,0.005777186972580369,0.012925213324212122,0.010371883091088639,0.9830666666666666,0.9960133333333333,0.017133333333333334,0.9844,0.9965866666666666,0.015733333333333332,0.9974,0.9962666666666666,0.9954,0.9954666666666667,0.9955333333333334,2026-05-25T21:00:59.916120
106,1e-05,0.005919702454063242,0.012890005770889456,0.010372397446441873,0.9830666666666666,0.99608,0.017066666666666667,0.9840666666666666,0.9965466666666667,0.016066666666666667,0.9975333333333334,0.9968,0.9956,0.9953333333333333,0.9951333333333333,2026-05-25T21:06:00.685595
107,1e-05,0.005791035113826703,0.01323644273863123,0.010575510498191325,0.9828666666666667,0.9960266666666666,0.017333333333333333,0.9837333333333333,0.9963733333333333,0.016466666666666668,0.9975333333333334,0.9962666666666666,0.9954666666666667,0.9954666666666667,0.9954,2026-05-25T21:11:00.929205
108,1e-05,0.005717864129456692,0.013158493799911346,0.010629574659215818,0.983,0.9960266666666666,0.017266666666666666,0.984,0.9964666666666666,0.0162,0.9976,0.9962666666666666,0.9953333333333333,0.9954,0.9955333333333334,2026-05-25T21:16:01.082970
109,1e-05,0.005972449692645971,0.013104502341888907,0.01042834952029191,0.983,0.9961466666666666,0.017133333333333334,0.9839333333333333,0.9964533333333333,0.0162,0.9975333333333334,0.9966,0.9956,0.9954,0.9956,2026-05-25T21:20:58.056129
110,1e-05,0.006228628569836837,0.012916992223303399,0.01050133173836786,0.9829333333333333,0.99604,0.017266666666666666,0.9837333333333333,0.9964133333333334,0.016466666666666668,0.9974,0.9964,0.9954666666666667,0.9954666666666667,0.9954666666666667,2026-05-25T21:25:54.724880
111,1e-05,0.00611948442521373,0.012683026914457541,0.01051905962966729,0.9834666666666667,0.99612,0.016666666666666666,0.9843333333333333,0.99656,0.0158,0.9976,0.9964,0.9957333333333334,0.9956,0.9952666666666666,2026-05-25T21:30:48.803929
112,1e-05,0.005635964919923949,0.013027533988165911,0.010537117653679073,0.9830666666666666,0.9960933333333334,0.017066666666666667,0.9841333333333333,0.9964933333333333,0.015933333333333334,0.9974666666666666,0.9968666666666667,0.9956,0.9952666666666666,0.9952666666666666,2026-05-25T21:35:45.583452
113,1e-05,0.005589964160521777,0.01331270329573801,0.010813532860231114,0.9828666666666667,0.99612,0.017266666666666666,0.9844,0.99656,0.015666666666666666,0.9972666666666666,0.9966666666666667,0.9956666666666667,0.9957333333333334,0.9952666666666666,2026-05-25T21:40:41.508900
114,1e-05,0.005579738572237628,0.01337491242707772,0.011192156647935592,0.9836,0.9962266666666667,0.016533333333333334,0.9838,0.9964,0.016266666666666665,0.9975333333333334,0.9968,0.9958666666666667,0.9956,0.9953333333333333,2026-05-25T21:45:37.801129
115,1e-05,0.005755926305988396,0.01299913262008207,0.010931227178042418,0.9832,0.9960666666666667,0.017,0.9837333333333333,0.9964266666666667,0.016533333333333334,0.9973333333333333,0.9966,0.9956666666666667,0.9954,0.9953333333333333,2026-05-25T21:50:38.814846
116,1e-05,0.005666543303455696,0.013150283189859268,0.010877362725697736,0.9837333333333333,0.9962666666666666,0.016466666666666668,0.9841333333333333,0.99656,0.016,0.9974,0.997,0.9958666666666667,0.9956,0.9954666666666667,2026-05-25T21:55:46.333596
117,1e-05,0.005733885545686046,0.01308189912294785,0.010783009499744528,0.9834,0.99616,0.016733333333333333,0.9839333333333333,0.9963733333333333,0.016266666666666665,0.9974666666666666,0.9965333333333334,0.9957333333333334,0.9956,0.9954666666666667,2026-05-25T22:00:56.517365
118,1e-05,0.005925029290955419,0.0128661355698895,0.010437784782784308,0.983,0.99616,0.017133333333333334,0.9848666666666667,0.9965466666666667,0.015333333333333332,0.9974666666666666,0.9965333333333334,0.9958,0.9955333333333334,0.9954666666666667,2026-05-25T22:05:56.190284
119,1e-05,0.005623487219716571,0.0133316853927274,0.01077114631022674,0.9834,0.99628,0.016733333333333333,0.9845333333333334,0.99652,0.0156,0.9975333333333334,0.9966,0.9959333333333333,0.9958,0.9955333333333334,2026-05-25T22:10:58.300478
120,1e-05,0.005646001194443202,0.013344597819079564,0.010644606504507149,0.9829333333333333,0.99612,0.0172,0.9847333333333333,0.9966133333333334,0.0154,0.9974,0.9964666666666666,0.9959333333333333,0.9956,0.9952,2026-05-25T22:16:13.010572
121,1e-05,0.005585512058394813,0.012970830086177857,0.01040679820310463,0.9833333333333333,0.9962266666666667,0.0168,0.9847333333333333,0.9965333333333334,0.0154,0.9974,0.9968,0.996,0.9954666666666667,0.9954666666666667,2026-05-25T22:21:42.276075
122,1e-05,0.005880754733664811,0.013159897675257185,0.010695197142497207,0.9834,0.9962666666666666,0.0168,0.9842,0.9964533333333333,0.016,0.9974,0.9964666666666666,0.9959333333333333,0.9958666666666667,0.9956666666666667,2026-05-25T22:27:05.152937
123,1e-05,0.005784301980014295,0.013262350700583226,0.010639266496689509,0.9835333333333334,0.9963066666666667,0.0166,0.9846666666666667,0.9966,0.015466666666666667,0.9974666666666666,0.9967333333333334,0.9959333333333333,0.9957333333333334,0.9956666666666667,2026-05-25T22:32:19.723145
124,1e-05,0.005753075410994071,0.012845792899482041,0.010582556644209066,0.9833333333333333,0.9961066666666667,0.0168,0.9844666666666667,0.9965733333333333,0.015666666666666666,0.9975333333333334,0.9964666666666666,0.9954666666666667,0.9956,0.9954666666666667,2026-05-25T22:37:38.612396
125,1e-05,0.005373620118700065,0.013339629184527276,0.010753301549875338,0.9834,0.9962933333333334,0.0168,0.9845333333333334,0.9964933333333333,0.0156,0.9975333333333334,0.9966,0.996,0.9958666666666667,0.9954666666666667,2026-05-25T22:42:57.199808
126,1e-05,0.005637588447713993,0.013115273543426625,0.010575365531802555,0.9828,0.99608,0.017333333333333333,0.9842666666666666,0.9964266666666667,0.015866666666666668,0.9973333333333333,0.9964666666666666,0.9957333333333334,0.9956,0.9952666666666666,2026-05-25T22:48:09.420961
127,1e-05,0.005698337225035279,0.01301288774553458,0.01051843281123309,0.9830666666666666,0.9961733333333334,0.017133333333333334,0.9844666666666667,0.99652,0.015666666666666666,0.9974666666666666,0.9964,0.9956,0.9957333333333334,0.9956666666666667,2026-05-25T22:53:30.570907
128,1e-05,0.0057732473076423044,0.013000170925170067,0.010577058153031522,0.9830666666666666,0.9962,0.017066666666666667,0.9839333333333333,0.9963466666666667,0.016133333333333333,0.9974666666666666,0.9965333333333334,0.9957333333333334,0.9956,0.9956666666666667,2026-05-25T22:58:39.613828
129,1e-05,0.005856563581405291,0.012755363242593208,0.010409715118647644,0.9834,0.9961066666666667,0.016733333333333333,0.9840666666666666,0.99644,0.016066666666666667,0.9974,0.9964666666666666,0.9955333333333334,0.9956666666666667,0.9954666666666667,2026-05-25T23:04:17.622134
130,1e-05,0.0055775082057755495,0.012947616593905949,0.010670450106762848,0.9837333333333333,0.99636,0.0164,0.9840666666666666,0.99644,0.016066666666666667,0.9976,0.9968,0.9958666666666667,0.996,0.9955333333333334,2026-05-25T23:09:55.946857
131,1e-05,0.0056900253974803364,0.013126130774415098,0.010813523674257376,0.9834,0.9961733333333334,0.016733333333333333,0.9836666666666667,0.99632,0.016466666666666668,0.9974666666666666,0.9966,0.9956666666666667,0.9958,0.9953333333333333,2026-05-25T23:15:29.309370
132,1e-05,0.005541307690110028,0.013310431509160874,0.010887970047866964,0.9834,0.9962133333333333,0.016733333333333333,0.9846666666666667,0.9965466666666667,0.0154,0.9974,0.9964666666666666,0.9958666666666667,0.9959333333333333,0.9954,2026-05-25T23:20:56.420358
133,1e-05,0.005219616588577524,0.013319674562042572,0.010933913851959515,0.9835333333333334,0.9963066666666667,0.0166,0.9843333333333333,0.9965066666666667,0.0158,0.9974666666666666,0.9967333333333334,0.9957333333333334,0.9958666666666667,0.9957333333333334,2026-05-25T23:26:33.015151
134,1e-05,0.005599166978487717,0.012975824649662926,0.010471643523831975,0.9834666666666667,0.9962133333333333,0.016666666666666666,0.9847333333333333,0.99656,0.0154,0.9975333333333334,0.9964,0.9956,0.9958,0.9957333333333334,2026-05-25T23:32:21.300336
135,1e-05,0.005533579200825729,0.012960221455955158,0.010766447872546686,0.9834,0.99624,0.016733333333333333,0.9835333333333334,0.9963466666666667,0.0166,0.9972666666666666,0.9967333333333334,0.9958666666666667,0.9957333333333334,0.9956,2026-05-25T23:38:01.648376
136,1e-05,0.005466174429278934,0.012947673492888421,0.010648958510356715,0.9834,0.9962,0.016733333333333333,0.9846666666666667,0.9965733333333333,0.015466666666666667,0.9973333333333333,0.9966,0.9958666666666667,0.9956666666666667,0.9955333333333334,2026-05-25T23:43:34.718321
137,1e-05,0.0054439813715323904,0.013335725721398567,0.010964181474277593,0.9834666666666667,0.9963333333333333,0.016666666666666666,0.9845333333333334,0.9966,0.0156,0.9973333333333333,0.9968666666666667,0.996,0.9957333333333334,0.9957333333333334,2026-05-25T23:48:47.626855
138,1e-05,0.005503172524204677,0.01312992585181312,0.010806000002176826,0.9839333333333333,0.99644,0.0162,0.9842,0.9965066666666667,0.015933333333333334,0.9976666666666667,0.9967333333333334,0.9962,0.9959333333333333,0.9956666666666667,2026-05-25T23:53:59.250250
139,1e-05,0.005668038747456389,0.01313280936561893,0.01086313184831483,0.9838,0.9963466666666667,0.01633333333333333,0.9840666666666666,0.9964666666666666,0.016066666666666667,0.9975333333333334,0.9968,0.9958666666666667,0.996,0.9955333333333334,2026-05-25T23:58:55.171639
140,1e-05,0.005773907638453303,0.01310217064116548,0.010789539850579066,0.9836666666666667,0.9962533333333333,0.016533333333333334,0.9841333333333333,0.9964666666666666,0.016,0.9974666666666666,0.9966666666666667,0.9958,0.9958,0.9955333333333334,2026-05-26T00:04:22.169850
141,1e-05,0.005439620568732744,0.013632596189235183,0.011306322067632603,0.9830666666666666,0.9962133333333333,0.017066666666666667,0.9838666666666667,0.9963866666666666,0.016266666666666665,0.9972666666666666,0.9967333333333334,0.9956,0.9957333333333334,0.9957333333333334,2026-05-26T00:09:38.352797
142,1e-05,0.005759885477920826,0.012875125389944366,0.010456104929958973,0.9834666666666667,0.9962933333333334,0.016666666666666666,0.9840666666666666,0.9964266666666667,0.016066666666666667,0.9974666666666666,0.9965333333333334,0.9959333333333333,0.9958666666666667,0.9956666666666667,2026-05-26T00:14:42.847179
143,1e-05,0.005504319122253596,0.013453371945180134,0.011257790339398437,0.9826,0.9960666666666667,0.0176,0.9831333333333333,0.99624,0.017066666666666667,0.9972,0.9965333333333334,0.9957333333333334,0.9954666666666667,0.9954,2026-05-26T00:19:35.226575
144,1e-05,0.005115853663303811,0.013317364632763016,0.010849136052675248,0.9833333333333333,0.9962133333333333,0.0168,0.9844666666666667,0.9965733333333333,0.015666666666666666,0.9974666666666666,0.9966,0.9956666666666667,0.9958,0.9955333333333334,2026-05-26T00:24:29.174318
145,1e-05,0.005243292828993773,0.013439115632619432,0.011004826147900122,0.9832,0.9962266666666667,0.017066666666666667,0.9841333333333333,0.9964666666666666,0.016066666666666667,0.9973333333333333,0.9966,0.9958666666666667,0.9957333333333334,0.9956,2026-05-26T00:29:22.308477
146,1e-05,0.005156614628363383,0.013219066222779694,0.01080492886159915,0.9834,0.9962133333333333,0.016733333333333333,0.9843333333333333,0.99652,0.0158,0.9975333333333334,0.9964666666666666,0.9957333333333334,0.9957333333333334,0.9956,2026-05-26T00:34:14.701274
147,1e-05,0.005602108651933421,0.01362414598468113,0.011275373255175672,0.9833333333333333,0.9961866666666667,0.016866666666666665,0.9839333333333333,0.9964266666666667,0.016266666666666665,0.9972666666666666,0.9967333333333334,0.9956666666666667,0.9958,0.9954666666666667,2026-05-26T00:39:18.237234
148,1e-05,0.0054178313680743615,0.013422736775819502,0.010893881776611773,0.9830666666666666,0.9961066666666667,0.017066666666666667,0.9844,0.99652,0.015733333333333332,0.9974666666666666,0.9965333333333334,0.9955333333333334,0.9957333333333334,0.9952666666666666,2026-05-26T00:44:24.699921
149,1e-05,0.005658396347657072,0.013245907368552582,0.010908624385412485,0.9837333333333333,0.9962533333333333,0.016466666666666668,0.9844666666666667,0.9964933333333333,0.015733333333333332,0.9975333333333334,0.9966666666666667,0.9957333333333334,0.9958,0.9955333333333334,2026-05-26T00:49:28.929042
150,1e-05,0.005280619744306685,0.01378513712505154,0.011402498851130004,0.9833333333333333,0.99616,0.0168,0.9836,0.99628,0.0166,0.9973333333333333,0.9967333333333334,0.9956,0.9958666666666667,0.9952666666666666,2026-05-26T00:54:22.701667
151,1e-06,0.005205562164756001,0.013709732655230372,0.011147461170898248,0.9834,0.99628,0.016733333333333333,0.9842,0.9964133333333334,0.015933333333333334,0.9973333333333333,0.9968,0.9958666666666667,0.996,0.9954,2026-05-26T00:59:15.032987
152,1e-06,0.0055527720029562005,0.013437713054657607,0.01108546493737155,0.9834666666666667,0.9962533333333333,0.016666666666666666,0.9844,0.9964533333333333,0.015733333333333332,0.9974,0.9968,0.9958,0.9958,0.9954666666666667,2026-05-26T01:04:08.045609
153,1e-06,0.0054531875783754265,0.013530455136732112,0.01119726298477404,0.9830666666666666,0.99616,0.017066666666666667,0.9839333333333333,0.99636,0.0162,0.9972666666666666,0.9967333333333334,0.9956,0.9958666666666667,0.9953333333333333,2026-05-26T01:09:00.603955
154,1e-06,0.005290312572942717,0.013484664002535507,0.011069618520476637,0.9834666666666667,0.9961866666666667,0.016733333333333333,0.9840666666666666,0.9963466666666667,0.016066666666666667,0.9974,0.9966,0.9957333333333334,0.9958,0.9954,2026-05-26T01:13:54.342220
155,1e-06,0.005350481893119026,0.013611446606915044,0.011219636661351022,0.9836,0.9961733333333334,0.016533333333333334,0.9842666666666666,0.9964133333333334,0.015866666666666668,0.9974666666666666,0.9968,0.9956,0.9956666666666667,0.9953333333333333,2026-05-26T01:18:48.546118
156,1e-06,0.0055418687827656085,0.013497997558635467,0.011099615205000123,0.9831333333333333,0.9960533333333333,0.017,0.9842666666666666,0.9964133333333334,0.015933333333333334,0.9974,0.9964666666666666,0.9956666666666667,0.9956,0.9951333333333333,2026-05-26T01:23:41.572970
157,1e-06,0.005405187876792375,0.013718429825875698,0.011017921214283416,0.9836,0.9962933333333334,0.016533333333333334,0.9846,0.9965466666666667,0.015533333333333333,0.9974,0.9968666666666667,0.9958,0.996,0.9954,2026-05-26T01:28:36.051460
158,1e-06,0.005280434324164317,0.013232459263536868,0.010886425225454391,0.9835333333333334,0.9962666666666666,0.0166,0.9840666666666666,0.9964,0.016,0.9974,0.9967333333333334,0.9959333333333333,0.9957333333333334,0.9955333333333334,2026-05-26T01:34:12.858708
159,1e-06,0.005215135518847052,0.013343388585907886,0.010949588077838593,0.9834666666666667,0.9961866666666667,0.016666666666666666,0.9845333333333334,0.9965066666666667,0.0156,0.9974666666666666,0.9968,0.9957333333333334,0.9956,0.9953333333333333,2026-05-26T01:39:45.822176
160,1e-06,0.005358315085395913,0.013304019452762387,0.010852341929408708,0.9834,0.9961866666666667,0.016733333333333333,0.9841333333333333,0.99636,0.016,0.9974,0.9968,0.9956666666666667,0.9957333333333334,0.9953333333333333,2026-05-26T01:45:02.190253
161,1e-06,0.005421536122614965,0.013466528637728518,0.011183256877070514,0.9832,0.99612,0.016933333333333335,0.9840666666666666,0.9963466666666667,0.016066666666666667,0.9974666666666666,0.9965333333333334,0.9956,0.9956666666666667,0.9953333333333333,2026-05-26T01:50:20.475037
162,1e-06,0.005184136558597999,0.013569849713039732,0.011085622813422078,0.9836,0.99632,0.0166,0.9842,0.9964133333333334,0.015933333333333334,0.9975333333333334,0.9968,0.9959333333333333,0.9958666666666667,0.9954666666666667,2026-05-26T01:55:38.337635
163,1e-06,0.005500695602712364,0.01340859858802134,0.011026062935527298,0.9838,0.9964266666666667,0.01633333333333333,0.9841333333333333,0.9964533333333333,0.015933333333333334,0.9974666666666666,0.9969333333333333,0.996,0.996,0.9957333333333334,2026-05-26T02:01:01.308747
164,1e-06,0.005297294986896642,0.013439386282741498,0.011166176649938584,0.9833333333333333,0.9961733333333334,0.016933333333333335,0.9839333333333333,0.9963333333333333,0.016266666666666665,0.9974666666666666,0.9965333333333334,0.9957333333333334,0.9958,0.9953333333333333,2026-05-26T02:06:11.033215
165,1e-06,0.0053308740617344615,0.013551350346511642,0.011084791765089861,0.9833333333333333,0.9962133333333333,0.0168,0.9839333333333333,0.9964,0.0162,0.9974666666666666,0.9968666666666667,0.9955333333333334,0.9958,0.9954,2026-05-26T02:11:21.207294
166,1e-06,0.005566450541709297,0.01316249589681696,0.010910237585993694,0.9838,0.9963066666666667,0.01633333333333333,0.9840666666666666,0.99644,0.016066666666666667,0.9975333333333334,0.9967333333333334,0.9958,0.9958666666666667,0.9956,2026-05-26T02:16:28.958655
167,1e-06,0.0052255327429777025,0.013322267107126742,0.010977638530251086,0.9836,0.9962133333333333,0.016533333333333334,0.9842666666666666,0.9964266666666667,0.015866666666666668,0.9974666666666666,0.9968,0.9956666666666667,0.9956666666666667,0.9954666666666667,2026-05-26T02:21:29.522837
168,1e-06,0.005194889792974131,0.01345900467940744,0.01097545608426082,0.9834,0.9962933333333334,0.0168,0.9842,0.9964933333333333,0.015866666666666668,0.9973333333333333,0.9968,0.9957333333333334,0.9960666666666667,0.9955333333333334,2026-05-26T02:26:22.952464
169,1e-06,0.0052770083376395115,0.013256413788995294,0.011046292541052386,0.9837333333333333,0.9962933333333334,0.0164,0.9843333333333333,0.99648,0.0158,0.9975333333333334,0.9968,0.9958,0.9958666666666667,0.9954666666666667,2026-05-26T02:31:16.698293
170,1e-06,0.0053160638207830286,0.013479159045407585,0.01103242989127907,0.9834,0.9961866666666667,0.0168,0.9845333333333334,0.9965333333333334,0.0156,0.9974666666666666,0.9966,0.9957333333333334,0.9958,0.9953333333333333,2026-05-26T02:36:10.683674
171,1e-06,0.005173090518578686,0.013306676673774052,0.010973333372401747,0.9833333333333333,0.99624,0.0168,0.9844,0.99652,0.015733333333333332,0.9974,0.9968666666666667,0.9958,0.9957333333333334,0.9954,2026-05-26T02:41:04.015280
172,1e-06,0.0055401243526937705,0.013402591384114114,0.010945186406317857,0.9834666666666667,0.9962666666666666,0.016666666666666666,0.9845333333333334,0.9965733333333333,0.0156,0.9974,0.9967333333333334,0.9956666666666667,0.9958666666666667,0.9956666666666667,2026-05-26T02:45:57.562956
173,1e-06,0.0053142374890656876,0.013370459675791448,0.01094633146640431,0.9836,0.9961866666666667,0.0166,0.9842666666666666,0.9964666666666666,0.015866666666666668,0.9975333333333334,0.9966666666666667,0.9957333333333334,0.9956666666666667,0.9953333333333333,2026-05-26T02:50:51.005905
174,1e-06,0.004937809548872688,0.013332004596992367,0.01099163021979304,0.9834666666666667,0.9961466666666666,0.016733333333333333,0.9842,0.9964533333333333,0.015933333333333334,0.9974666666666666,0.9966,0.9956666666666667,0.9956666666666667,0.9953333333333333,2026-05-26T02:55:45.041026
175,1e-06,0.005632540042612293,0.013330433403870664,0.010951075500674886,0.9838666666666667,0.9963733333333333,0.0164,0.9838,0.9963333333333333,0.0164,0.9974666666666666,0.9967333333333334,0.996,0.9960666666666667,0.9956,2026-05-26T03:00:38.895811
176,1e-06,0.005201701607896732,0.013688191733827368,0.011170083258231723,0.9836,0.9963066666666667,0.0166,0.9844,0.9964933333333333,0.015733333333333332,0.9974666666666666,0.9968666666666667,0.9957333333333334,0.996,0.9954666666666667,2026-05-26T03:05:33.033148
177,1e-06,0.005655785320647451,0.013401444937479053,0.011090533781827436,0.9833333333333333,0.9962666666666666,0.0168,0.984,0.99644,0.016133333333333333,0.9974,0.9968,0.9958,0.9959333333333333,0.9954,2026-05-26T03:10:25.154670
178,1e-06,0.005340567392223316,0.013427573112059495,0.010985139894236754,0.9836666666666667,0.99632,0.016466666666666668,0.9842,0.9964533333333333,0.015933333333333334,0.9974,0.9969333333333333,0.9959333333333333,0.9959333333333333,0.9954,2026-05-26T03:15:18.813284
179,1e-06,0.005309664113771695,0.013262056440780563,0.010938987600740727,0.9837333333333333,0.9962933333333334,0.016466666666666668,0.9843333333333333,0.9964133333333334,0.0158,0.9974666666666666,0.9968666666666667,0.9958,0.9958666666666667,0.9954666666666667,2026-05-26T03:20:14.633964
180,1e-06,0.005287202506202591,0.013496666896181076,0.010972468423040376,0.9838,0.99632,0.01633333333333333,0.9844,0.9964933333333333,0.015733333333333332,0.9974,0.9968,0.9958666666666667,0.9959333333333333,0.9956,2026-05-26T03:25:09.445264
181,1e-06,0.005536121451956563,0.013369936405255566,0.011079820462970132,0.9834666666666667,0.9962133333333333,0.016666666666666666,0.9842666666666666,0.9964266666666667,0.015866666666666668,0.9973333333333333,0.9968,0.9958,0.9957333333333334,0.9954,2026-05-26T03:30:02.954261
182,1e-06,0.005432237769738043,0.013327558312767924,0.011040161351754662,0.9836,0.9962266666666667,0.016533333333333334,0.9840666666666666,0.9964266666666667,0.016066666666666667,0.9973333333333333,0.9968666666666667,0.9957333333333334,0.9958666666666667,0.9953333333333333,2026-05-26T03:34:56.310545
183,1e-06,0.005364418967263373,0.013519795910421229,0.011099137360000162,0.9838,0.9962933333333334,0.01633333333333333,0.9844666666666667,0.9965066666666667,0.015666666666666666,0.9975333333333334,0.9967333333333334,0.9958,0.9958666666666667,0.9955333333333334,2026-05-26T03:39:51.354719
184,1e-06,0.00507586099398985,0.013368467684185592,0.010987286622220541,0.9831333333333333,0.9961333333333333,0.017,0.9844666666666667,0.9965066666666667,0.015666666666666666,0.9974666666666666,0.9966666666666667,0.9955333333333334,0.9957333333333334,0.9952666666666666,2026-05-26T03:44:45.122387
185,1e-06,0.005437952891412215,0.013406185157737657,0.010945375549786232,0.9837333333333333,0.9962666666666666,0.0164,0.9848,0.99668,0.015333333333333332,0.9974666666666666,0.9968666666666667,0.9958,0.9958,0.9954,2026-05-26T03:49:39.180627
186,1e-06,0.005170727688503225,0.013465189284547626,0.01102000219142342,0.9838,0.9963066666666667,0.01633333333333333,0.9841333333333333,0.9963866666666666,0.016066666666666667,0.9975333333333334,0.9967333333333334,0.9958666666666667,0.9959333333333333,0.9954666666666667,2026-05-26T03:54:33.816488
187,1e-06,0.005399701045037741,0.013535941595396875,0.011041946412623852,0.9837333333333333,0.99628,0.0164,0.9842,0.99644,0.015933333333333334,0.9974666666666666,0.9968666666666667,0.9957333333333334,0.9959333333333333,0.9954,2026-05-26T03:59:27.978815
188,1e-06,0.005220494394245166,0.01342597017468287,0.010938090387716967,0.9834666666666667,0.99632,0.016666666666666666,0.9846,0.9965333333333334,0.015533333333333333,0.9974,0.997,0.9958,0.996,0.9954,2026-05-26T04:04:21.352262
189,1e-06,0.005162068905977087,0.013542877106196899,0.011176310114823354,0.9837333333333333,0.99628,0.0164,0.9839333333333333,0.99636,0.0162,0.9974666666666666,0.9969333333333333,0.9956666666666667,0.9959333333333333,0.9954,2026-05-26T04:09:15.768293
190,1e-06,0.005861272008688729,0.013413155779591995,0.011008992132210677,0.9834,0.99624,0.016733333333333333,0.9844666666666667,0.9965333333333334,0.015666666666666666,0.9973333333333333,0.9968,0.9957333333333334,0.9959333333333333,0.9954,2026-05-26T04:14:08.851474
191,1e-06,0.0054803891278667055,0.013370854201694852,0.010983784604001817,0.9834666666666667,0.9962666666666666,0.016666666666666666,0.9846,0.9965733333333333,0.015533333333333333,0.9974,0.9967333333333334,0.9958666666666667,0.9959333333333333,0.9954,2026-05-26T04:19:00.648225
192,1e-06,0.005234008001995764,0.013427203609374452,0.010885983621882216,0.9832666666666666,0.9961866666666667,0.016866666666666665,0.9844,0.99652,0.015733333333333332,0.9974,0.9966,0.9956,0.9958,0.9955333333333334,2026-05-26T04:23:54.414405
193,1e-06,0.005251806183775144,0.01346548722886122,0.010974992420271243,0.9834,0.99624,0.016733333333333333,0.9844666666666667,0.9965066666666667,0.015666666666666666,0.9973333333333333,0.9968,0.9958,0.9959333333333333,0.9953333333333333,2026-05-26T04:28:48.360852
194,1e-06,0.0052485409898360685,0.013672885471229976,0.011122205967617413,0.9834,0.9962933333333334,0.016733333333333333,0.9843333333333333,0.9964666666666666,0.0158,0.9972666666666666,0.9968666666666667,0.9958,0.9960666666666667,0.9954666666666667,2026-05-26T04:33:43.825976
195,1e-06,0.00538399868778634,0.013755957803280478,0.011219730007517015,0.9832,0.9962133333333333,0.017,0.9841333333333333,0.9964266666666667,0.016066666666666667,0.9973333333333333,0.9968666666666667,0.9957333333333334,0.9958,0.9953333333333333,2026-05-26T04:38:36.593586
196,1e-06,0.005402030640930531,0.013554646247804324,0.011062276198824002,0.9834666666666667,0.9962533333333333,0.016733333333333333,0.984,0.9963866666666666,0.016133333333333333,0.9973333333333333,0.9968666666666667,0.9958,0.9959333333333333,0.9953333333333333,2026-05-26T04:43:30.974937
197,1e-06,0.005181515698514022,0.013744612778940166,0.011195828160220227,0.9832666666666666,0.99624,0.016933333333333335,0.9844,0.9964933333333333,0.015733333333333332,0.9973333333333333,0.9966,0.9958666666666667,0.9958666666666667,0.9955333333333334,2026-05-26T04:48:25.954534
198,1e-06,0.005592400598563277,0.01336220319398102,0.010903216045461737,0.9832666666666666,0.9961733333333334,0.016866666666666665,0.9840666666666666,0.9964266666666667,0.016133333333333333,0.9974,0.9966,0.9957333333333334,0.9958,0.9953333333333333,2026-05-26T04:53:19.243207
199,1e-06,0.0052492629476477305,0.013469892680127975,0.011053714372816078,0.9834,0.9962,0.016733333333333333,0.9842,0.9964,0.016,0.9974666666666666,0.9966,0.9956666666666667,0.9958,0.9954666666666667,2026-05-26T04:58:12.707955
200,1e-06,0.005415307867617919,0.013297897878202321,0.010767556279890175,0.9836666666666667,0.9963466666666667,0.016466666666666668,0.9847333333333333,0.99656,0.0154,0.9974,0.9968666666666667,0.9958666666666667,0.9959333333333333,0.9956666666666667,2026-05-26T05:03:05.718795
