epoch,train_loss,pretrain_loss,finetune_loss,pseudo_label_count,pseudo_label_accept_rate,mean_pseudo_confidence,consistency_loss,encoder_stage,stn_status,stn_regularization_loss,val_loss,val_seq_acc,val_char_acc,val_edit_distance,val_clean_accuracy,val_robustness_drop,val_restoration_gain,val_position_1_acc,val_position_2_acc,val_position_3_acc,val_position_4_acc,val_position_5_acc,test_loss,test_seq_acc,test_char_acc,test_edit_distance,test_clean_accuracy,test_robustness_drop,test_restoration_gain,test_position_1_acc,test_position_2_acc,test_position_3_acc,test_position_4_acc,test_position_5_acc
1,19.72421082522606,3.1110364128946166,16.613174412331443,0,0.0,0.0,0.0,contrastive_pretrain_and_finetune,disabled,0.0,9.573807464761938,0.006866666666666667,0.40164,2.981333333333333,0.006866666666666667,,,0.5233333333333333,0.30293333333333333,0.28326666666666667,0.31566666666666665,0.583,9.612765360893087,0.0064,0.3997733333333333,2.9910666666666668,0.0064,,,0.5272666666666667,0.3044,0.27353333333333335,0.31533333333333335,0.5783333333333334
2,7.714013291435988,4.843922032734594,2.870091258701394,0,0.0,0.0,0.0,contrastive_pretrain_and_finetune,disabled,0.0,1.075894331678431,0.7382,0.9341866666666667,0.32893333333333336,0.7382,,,0.9544666666666667,0.9212,0.926,0.9223333333333333,0.9469333333333333,1.103533845252179,0.7255333333333334,0.9317333333333333,0.3413333333333333,0.7255333333333334,,,0.956,0.9144,0.9218,0.9246666666666666,0.9418
3,4.572273367930951,3.7933594572478717,0.7789139106830791,0,0.0,0.0,0.0,contrastive_pretrain_and_finetune,disabled,0.0,1.7186707755352588,0.7222,0.92,0.39213333333333333,0.7222,,,0.8985333333333333,0.9058,0.9242666666666667,0.9295333333333333,0.9418666666666666,1.6939766424767515,0.7218,0.9203466666666666,0.39093333333333335,0.7218,,,0.8992666666666667,0.9034,0.9256,0.9348666666666666,0.9386
4,3.8795382423890388,3.37770230504233,0.5018359373467087,0,0.0,0.0,0.0,contrastive_pretrain_and_finetune,disabled,0.0,0.7157369240801386,0.82,0.9586266666666666,0.20666666666666667,0.82,,,0.9712,0.9507333333333333,0.9462666666666667,0.9536666666666667,0.9712666666666666,0.7168967368754935,0.8148666666666666,0.9578933333333334,0.21013333333333334,0.8148666666666666,,,0.9694666666666667,0.9486666666666667,0.9461333333333334,0.9529333333333333,0.9722666666666666
5,3.7405564450587283,3.3401123821408483,0.40044406291787993,0,0.0,0.0,0.0,contrastive_pretrain_and_finetune,disabled,0.0,0.3037829248512045,0.9057333333333333,0.9796133333333333,0.1018,0.9057333333333333,,,0.9830666666666666,0.9772666666666666,0.9763333333333334,0.977,0.9844,0.3123871606715182,0.904,0.9796133333333333,0.1018,0.904,,,0.9843333333333333,0.9755333333333334,0.9754,0.9790666666666666,0.9837333333333333
6,3.605720188429148,3.26260313146511,0.34311705696403827,0,0.0,0.0,0.0,contrastive_pretrain_and_finetune,disabled,0.0,0.2435846854397591,0.9215333333333333,0.9834266666666667,0.08286666666666667,0.9215333333333333,,,0.9881333333333333,0.9807333333333333,0.9798,0.9818666666666667,0.9866,0.24889023681270314,0.9199333333333334,0.98324,0.08366666666666667,0.9199333333333334,,,0.9884666666666667,0.9788,0.9786666666666667,0.9838666666666667,0.9864
7,3.5519014402582996,3.2511929798823607,0.30070846037593896,0,0.0,0.0,0.0,contrastive_pretrain_and_finetune,disabled,0.0,0.32441540899428917,0.9029333333333334,0.9794,0.103,0.9029333333333334,,,0.9814666666666667,0.9790666666666666,0.978,0.9795333333333334,0.9789333333333333,0.31499099555484794,0.9016666666666666,0.9791866666666666,0.104,0.9016666666666666,,,0.9832666666666666,0.9778666666666667,0.9764666666666667,0.9800666666666666,0.9782666666666666
8,3.5222350036026073,3.2501122862155083,0.27212271738709887,0,0.0,0.0,0.0,contrastive_pretrain_and_finetune,disabled,0.0,0.2113492654834656,0.9346666666666666,0.98632,0.06833333333333333,0.9346666666666666,,,0.9896,0.9838,0.9846666666666667,0.9854,0.9881333333333333,0.20861258944694666,0.9334,0.98612,0.06933333333333333,0.9334,,,0.9906666666666667,0.9820666666666666,0.9841333333333333,0.9860666666666666,0.9876666666666667
9,3.444236566761106,3.2063323170001152,0.23790424976099098,0,0.0,0.0,0.0,contrastive_pretrain_and_finetune,disabled,0.0,0.18638921685199789,0.9437333333333333,0.9883733333333333,0.05806666666666667,0.9437333333333333,,,0.9894666666666667,0.9868666666666667,0.987,0.9872666666666666,0.9912666666666666,0.18694545259659595,0.9426,0.98812,0.0594,0.9426,,,0.9906,0.985,0.9871333333333333,0.9873333333333333,0.9905333333333334
10,3.412489062924699,3.1905023888216593,0.22198667410303968,0,0.0,0.0,0.0,contrastive_pretrain_and_finetune,disabled,0.0,0.2242279408459968,0.9368,0.9867333333333334,0.06633333333333333,0.9368,,,0.9892,0.9851333333333333,0.9834,0.9856,0.9903333333333333,0.22812056447121692,0.9366,0.9868266666666666,0.0658,0.9366,,,0.99,0.9834,0.9835333333333334,0.9876666666666667,0.9895333333333334
11,3.398356680322867,3.1905048837173573,0.20785179660550998,0,0.0,0.0,0.0,contrastive_pretrain_and_finetune,disabled,0.0,0.24196133294955213,0.9280666666666667,0.9849466666666666,0.07526666666666666,0.9280666666666667,,,0.9898666666666667,0.9840666666666666,0.9839333333333333,0.9823333333333333,0.9845333333333334,0.24682661767335648,0.9275333333333333,0.9848533333333334,0.07553333333333333,0.9275333333333333,,,0.9876,0.9836666666666667,0.9847333333333333,0.9837333333333333,0.9845333333333334
12,3.3826855409998933,3.1882678797737554,0.19441766122613813,0,0.0,0.0,0.0,contrastive_pretrain_and_finetune,disabled,0.0,0.2235204214349072,0.9324666666666667,0.9858533333333334,0.07073333333333333,0.9324666666666667,,,0.9872666666666666,0.9832,0.9833333333333333,0.9856666666666667,0.9898,0.22905098902893828,0.9315333333333333,0.9857333333333334,0.07126666666666667,0.9315333333333333,,,0.9866,0.9806,0.9856,0.9862666666666666,0.9896
13,3.3660340744156607,3.187228525360498,0.17880554905516283,0,0.0,0.0,0.0,contrastive_pretrain_and_finetune,disabled,0.0,0.20330913743757187,0.9435333333333333,0.9883333333333333,0.058333333333333334,0.9435333333333333,,,0.9905333333333334,0.9880666666666666,0.9874,0.9858,0.9898666666666667,0.19559771475639748,0.9432,0.9883466666666667,0.05826666666666667,0.9432,,,0.9917333333333334,0.9863333333333333,0.9868666666666667,0.9868,0.99
14,3.360751391329276,3.1862054341889823,0.1745459571402938,0,0.0,0.0,0.0,contrastive_pretrain_and_finetune,disabled,0.0,0.19642605832678842,0.9442666666666667,0.9884266666666667,0.057866666666666663,0.9442666666666667,,,0.9901333333333333,0.9876,0.9862,0.987,0.9912,0.18823157167656623,0.9436666666666667,0.9882933333333334,0.05846666666666667,0.9436666666666667,,,0.9907333333333334,0.9860666666666666,0.9872,0.9882,0.9892666666666666
15,3.347516659666577,3.1873274758267445,0.1601891838398327,0,0.0,0.0,0.0,contrastive_pretrain_and_finetune,disabled,0.0,0.20673989359527192,0.9405333333333333,0.9877333333333334,0.06133333333333333,0.9405333333333333,,,0.9885333333333334,0.9876,0.9844,0.9875333333333334,0.9906,0.20356368944445188,0.9389333333333333,0.9874,0.063,0.9389333333333333,,,0.9869333333333333,0.9873333333333333,0.9857333333333334,0.9879333333333333,0.9890666666666666
16,3.3365635322586265,3.1856584546770867,0.15090507758153948,0,0.0,0.0,0.0,contrastive_pretrain_and_finetune,disabled,0.0,0.22074528883429284,0.9389333333333333,0.9873866666666666,0.06306666666666666,0.9389333333333333,,,0.9897333333333334,0.9868666666666667,0.9855333333333334,0.9866,0.9882,0.22444893957928141,0.9376666666666666,0.9871066666666667,0.0644,0.9376666666666666,,,0.9908,0.9872,0.9859333333333333,0.9856666666666667,0.9859333333333333
17,3.325752417023681,3.1845545666309336,0.14119785039274718,0,0.0,0.0,0.0,contrastive_pretrain_and_finetune,disabled,0.0,0.16762106184788206,0.9502666666666667,0.9897866666666667,0.051,0.9502666666666667,,,0.9924,0.9886,0.9873333333333333,0.9885333333333334,0.9920666666666667,0.16598745062154657,0.9526,0.9901466666666666,0.04926666666666667,0.9526,,,0.9926666666666667,0.9878666666666667,0.9882666666666666,0.9899333333333333,0.992
18,3.313269788587747,3.18415517715475,0.12911461143299705,0,0.0,0.0,0.0,contrastive_pretrain_and_finetune,disabled,0.0,0.17965681230292677,0.9486666666666667,0.9894533333333333,0.05273333333333333,0.9486666666666667,,,0.9913333333333333,0.9888666666666667,0.9882,0.9879333333333333,0.9909333333333333,0.19460911266902026,0.9468,0.9890533333333333,0.05466666666666667,0.9468,,,0.9909333333333333,0.9873333333333333,0.9884666666666667,0.9882666666666666,0.9902666666666666
19,3.31055830545007,3.184021311660571,0.12653699378949876,0,0.0,0.0,0.0,contrastive_pretrain_and_finetune,disabled,0.0,0.19533259323104582,0.9436666666666667,0.9883866666666666,0.05806666666666667,0.9436666666666667,,,0.9898666666666667,0.9875333333333334,0.9880666666666666,0.9867333333333334,0.9897333333333334,0.19147521942616144,0.9446666666666667,0.9886266666666667,0.05673333333333333,0.9446666666666667,,,0.9906,0.9865333333333334,0.9880666666666666,0.9899333333333333,0.988
20,3.298381552064967,3.1839871892545517,0.11439436281041555,0,0.0,0.0,0.0,contrastive_pretrain_and_finetune,disabled,0.0,0.2203727457434573,0.9402,0.9875466666666667,0.062266666666666665,0.9402,,,0.9872666666666666,0.987,0.9857333333333334,0.9864666666666667,0.9912666666666666,0.2137626250096141,0.9394,0.9873466666666667,0.06313333333333333,0.9394,,,0.9872666666666666,0.9853333333333333,0.9866666666666667,0.987,0.9904666666666667
21,0.08113418389099598,0.0,0.08113418389099598,0,0.0,0.0,0.0,contrastive_finetune_only,disabled,0.0,0.2781488278325885,0.9363333333333334,0.98668,0.0666,0.9363333333333334,,,0.9900666666666667,0.9836666666666667,0.9855333333333334,0.9864666666666667,0.9876666666666667,0.2849050046776996,0.9342,0.9862933333333334,0.06846666666666666,0.9342,,,0.9896,0.9825333333333334,0.986,0.9869333333333333,0.9864
22,0.07107206724350663,0.0,0.07107206724350663,0,0.0,0.0,0.0,contrastive_finetune_only,disabled,0.0,0.20307706759925537,0.9484,0.98944,0.0528,0.9484,,,0.9914666666666667,0.9888,0.9882666666666666,0.9872666666666666,0.9914,0.2029964806868675,0.9484,0.9893466666666667,0.053266666666666664,0.9484,,,0.9912,0.9875333333333334,0.9881333333333333,0.9892666666666666,0.9906
23,0.06370781976139955,0.0,0.06370781976139955,0,0.0,0.0,0.0,contrastive_finetune_only,disabled,0.0,0.21280232186211234,0.9474,0.9891866666666667,0.054066666666666666,0.9474,,,0.9891333333333333,0.988,0.9892666666666666,0.9879333333333333,0.9916,0.2200236442270986,0.9449333333333333,0.9885866666666666,0.056933333333333336,0.9449333333333333,,,0.9898,0.9866666666666667,0.989,0.9876666666666667,0.9898
24,0.05423164686586893,0.0,0.05423164686586893,0,0.0,0.0,0.0,contrastive_finetune_only,disabled,0.0,0.19307420725557714,0.9523333333333334,0.9901733333333333,0.049133333333333334,0.9523333333333334,,,0.9923333333333333,0.9898666666666667,0.9876,0.9896,0.9914666666666667,0.2078711914889356,0.9504666666666667,0.9898533333333334,0.050666666666666665,0.9504666666666667,,,0.9927333333333334,0.9885333333333334,0.9888666666666667,0.9888666666666667,0.9902666666666666
25,0.05890239361739248,0.0,0.05890239361739248,0,0.0,0.0,0.0,contrastive_finetune_only,disabled,0.0,0.24407706980623226,0.9479333333333333,0.98936,0.0532,0.9479333333333333,,,0.9883333333333333,0.9896,0.9887333333333334,0.9883333333333333,0.9918,0.22952601739621542,0.95,0.9897333333333334,0.05126666666666667,0.95,,,0.9905333333333334,0.9884,0.9894666666666667,0.9888,0.9914666666666667
26,0.056624064007688886,0.0,0.056624064007688886,0,0.0,0.0,0.0,contrastive_finetune_only,disabled,0.0,0.21543809610686482,0.9516666666666667,0.99004,0.0498,0.9516666666666667,,,0.9915333333333334,0.9894,0.9884666666666667,0.9891333333333333,0.9916666666666667,0.21278338188880144,0.9514666666666667,0.9900133333333333,0.04986666666666666,0.9514666666666667,,,0.9914666666666667,0.9884,0.9882666666666666,0.9905333333333334,0.9914
27,0.05804475566874411,0.0,0.05804475566874411,0,0.0,0.0,0.0,contrastive_finetune_only,disabled,0.0,0.20879140604024832,0.9516666666666667,0.99012,0.0494,0.9516666666666667,,,0.9920666666666667,0.9884666666666667,0.9892666666666666,0.9894,0.9914,0.2079880817595156,0.9511333333333334,0.98992,0.0504,0.9511333333333334,,,0.9914,0.9878666666666667,0.9890666666666666,0.9900666666666667,0.9912
28,0.053668249906153195,0.0,0.053668249906153195,0,0.0,0.0,0.0,contrastive_finetune_only,disabled,0.0,0.2919389227860944,0.9435333333333333,0.98832,0.058333333333333334,0.9435333333333333,,,0.9910666666666667,0.9877333333333334,0.9864,0.9872,0.9892,0.3092293035754181,0.9411333333333334,0.9877733333333333,0.061,0.9411333333333334,,,0.9901333333333333,0.9864,0.9866,0.987,0.9887333333333334
29,0.04505814156569808,0.0,0.04505814156569808,0,0.0,0.0,0.0,contrastive_finetune_only,disabled,0.0,0.24351468123644193,0.9484666666666667,0.9895066666666666,0.05246666666666667,0.9484666666666667,,,0.9912,0.9876,0.9878666666666667,0.9888,0.9920666666666667,0.24482968989066145,0.9504,0.9897066666666666,0.051333333333333335,0.9504,,,0.9916666666666667,0.9869333333333333,0.9879333333333333,0.9900666666666667,0.9919333333333333
30,0.051395648045938915,0.0,0.051395648045938915,0,0.0,0.0,0.0,contrastive_finetune_only,disabled,0.0,0.3650390284596645,0.9308666666666666,0.98556,0.07213333333333333,0.9308666666666666,,,0.9887333333333334,0.9835333333333334,0.9845333333333334,0.9833333333333333,0.9876666666666667,0.38528393304986047,0.9272666666666667,0.9849466666666666,0.07526666666666666,0.9272666666666667,,,0.9878666666666667,0.9836,0.9857333333333334,0.9816,0.9859333333333333
31,0.05328023396936968,0.0,0.05328023396936968,0,0.0,0.0,0.0,contrastive_finetune_only,disabled,0.0,0.23492047065507343,0.9493333333333334,0.9896666666666667,0.051666666666666666,0.9493333333333334,,,0.9900666666666667,0.9888,0.9881333333333333,0.9892,0.9921333333333333,0.22988245480302524,0.9498,0.9896933333333333,0.0514,0.9498,,,0.9924,0.9866666666666667,0.9886666666666667,0.99,0.9907333333333334
32,0.04247927480980914,0.0,0.04247927480980914,0,0.0,0.0,0.0,contrastive_finetune_only,disabled,0.0,0.23343249655061182,0.9520666666666666,0.9901333333333333,0.04926666666666667,0.9520666666666666,,,0.9916,0.9891333333333333,0.9887333333333334,0.9893333333333333,0.9918666666666667,0.2354733792435814,0.9502,0.9897733333333333,0.051133333333333336,0.9502,,,0.9927333333333334,0.9874666666666667,0.9885333333333334,0.9891333333333333,0.991
33,0.04539726138240767,0.0,0.04539726138240767,0,0.0,0.0,0.0,contrastive_finetune_only,disabled,0.0,0.23935018239612196,0.9501333333333334,0.98976,0.0512,0.9501333333333334,,,0.9905333333333334,0.9883333333333333,0.9880666666666666,0.9894666666666667,0.9924,0.24837735238326517,0.9496666666666667,0.9896133333333333,0.051866666666666665,0.9496666666666667,,,0.9907333333333334,0.9884,0.9884,0.9903333333333333,0.9902
34,0.03799315407892261,0.0,0.03799315407892261,0,0.0,0.0,0.0,contrastive_finetune_only,disabled,0.0,0.26723414708369786,0.9486666666666667,0.9893733333333333,0.05313333333333333,0.9486666666666667,,,0.9914666666666667,0.9884666666666667,0.9878,0.9875333333333334,0.9916,0.254884119968901,0.9494,0.98956,0.052066666666666664,0.9494,,,0.9916,0.9873333333333333,0.9878,0.9896666666666667,0.9914
35,0.04597541322480576,0.0,0.04597541322480576,0,0.0,0.0,0.0,contrastive_finetune_only,disabled,0.0,0.2557600620252259,0.9478,0.98928,0.0536,0.9478,,,0.9906666666666667,0.9861333333333333,0.9889333333333333,0.9886666666666667,0.992,0.25885729419582704,0.95,0.9897333333333334,0.051333333333333335,0.95,,,0.9914,0.9866,0.9883333333333333,0.9907333333333334,0.9916
36,0.04174330574475525,0.0,0.04174330574475525,0,0.0,0.0,0.0,contrastive_finetune_only,disabled,0.0,0.26124246489613295,0.9460666666666666,0.9888266666666666,0.05586666666666667,0.9460666666666666,,,0.9896666666666667,0.9876,0.9869333333333333,0.9885333333333334,0.9914,0.2559920733611278,0.9471333333333334,0.98908,0.05446666666666666,0.9471333333333334,,,0.9923333333333333,0.9859333333333333,0.9874666666666667,0.9896,0.9900666666666667
37,0.04387610116392963,0.0,0.04387610116392963,0,0.0,0.0,0.0,contrastive_finetune_only,disabled,0.0,0.2610555226102154,0.9502,0.9897733333333333,0.051133333333333336,0.9502,,,0.9916666666666667,0.9872,0.9896,0.9888666666666667,0.9915333333333334,0.2607977638645296,0.9506,0.98984,0.0506,0.9506,,,0.9922666666666666,0.9877333333333334,0.99,0.9882,0.991
38,0.03683624942442001,0.0,0.03683624942442001,0,0.0,0.0,0.0,contrastive_finetune_only,disabled,0.0,0.27187952796353937,0.947,0.9889466666666666,0.055266666666666665,0.947,,,0.991,0.9868666666666667,0.9876666666666667,0.9885333333333334,0.9906666666666667,0.27407663483742345,0.9484,0.9894133333333334,0.0528,0.9484,,,0.9915333333333334,0.9868,0.9895333333333334,0.9892,0.99
39,0.04502673293862069,0.0,0.04502673293862069,0,0.0,0.0,0.0,contrastive_finetune_only,disabled,0.0,0.27170191857334663,0.9483333333333334,0.98932,0.0534,0.9483333333333334,,,0.9918,0.9872,0.9876,0.9886,0.9914,0.2597357462085982,0.9496666666666667,0.98956,0.052066666666666664,0.9496666666666667,,,0.9916666666666667,0.9882,0.9886,0.9894666666666667,0.9898666666666667
40,0.03264938612408053,0.0,0.03264938612408053,0,0.0,0.0,0.0,contrastive_finetune_only,disabled,0.0,0.24266131272281896,0.9513333333333334,0.99,0.05,0.9513333333333334,,,0.9918,0.9898666666666667,0.9887333333333334,0.9884,0.9912,0.2528321449712979,0.9504,0.9896666666666667,0.0516,0.9504,,,0.9909333333333333,0.9886666666666667,0.9898,0.9886666666666667,0.9902666666666666
41,0.03844247577732001,0.0,0.03844247577732001,0,0.0,0.0,0.0,contrastive_finetune_only,disabled,0.0,0.3051769920679285,0.9478,0.98924,0.0538,0.9478,,,0.9894,0.989,0.9883333333333333,0.9876,0.9918666666666667,0.29193210089851684,0.9473333333333334,0.98924,0.05366666666666667,0.9473333333333334,,,0.9908,0.9862666666666666,0.9888,0.9887333333333334,0.9916
42,0.03861240338878803,0.0,0.03861240338878803,0,0.0,0.0,0.0,contrastive_finetune_only,disabled,0.0,0.24797242392335048,0.9495333333333333,0.9897333333333334,0.051333333333333335,0.9495333333333333,,,0.9902,0.9882,0.9881333333333333,0.9901333333333333,0.992,0.26235316542492426,0.9485333333333333,0.9893733333333333,0.053066666666666665,0.9485333333333333,,,0.9902,0.9874,0.9884666666666667,0.9894,0.9914
43,0.03444542875802193,0.0,0.03444542875802193,0,0.0,0.0,0.0,contrastive_finetune_only,disabled,0.0,0.2578706878123488,0.9494666666666667,0.9895333333333334,0.052333333333333336,0.9494666666666667,,,0.9918,0.988,0.9882666666666666,0.9877333333333334,0.9918666666666667,0.2691223507083239,0.9480666666666666,0.9892533333333333,0.053533333333333336,0.9480666666666666,,,0.9915333333333334,0.9871333333333333,0.9886,0.9879333333333333,0.9910666666666667
44,0.03353711812849358,0.0,0.03353711812849358,0,0.0,0.0,0.0,contrastive_finetune_only,disabled,0.0,0.30891429718355945,0.9452666666666667,0.9886266666666667,0.0568,0.9452666666666667,,,0.9893333333333333,0.9868666666666667,0.9875333333333334,0.9879333333333333,0.9914666666666667,0.30399019074764977,0.9464,0.989,0.05486666666666667,0.9464,,,0.9894,0.9862666666666666,0.9888666666666667,0.9894666666666667,0.991
45,0.03607742835646897,0.0,0.03607742835646897,0,0.0,0.0,0.0,contrastive_finetune_only,disabled,0.0,0.2714570852690079,0.9495333333333333,0.9896933333333333,0.051533333333333334,0.9495333333333333,,,0.9916666666666667,0.9884,0.9880666666666666,0.9887333333333334,0.9916,0.26920092574399995,0.9509333333333333,0.9898933333333333,0.05046666666666667,0.9509333333333333,,,0.9919333333333333,0.9884666666666667,0.9881333333333333,0.9896,0.9913333333333333
46,0.02912686061929892,0.0,0.02912686061929892,0,0.0,0.0,0.0,contrastive_finetune_only,disabled,0.0,0.30229347366666265,0.9448666666666666,0.9886666666666667,0.0566,0.9448666666666666,,,0.9906666666666667,0.9865333333333334,0.9880666666666666,0.9872,0.9908666666666667,0.3036360703052041,0.9450666666666667,0.98872,0.0562,0.9450666666666667,,,0.9904666666666667,0.986,0.9883333333333333,0.988,0.9908
47,0.039194566459323864,0.0,0.039194566459323864,0,0.0,0.0,0.0,contrastive_finetune_only,disabled,0.0,0.32017008667301505,0.9469333333333333,0.9890133333333333,0.05486666666666667,0.9469333333333333,,,0.9902666666666666,0.9875333333333334,0.9882,0.9885333333333334,0.9905333333333334,0.3099000044274788,0.9478666666666666,0.9892133333333333,0.053733333333333334,0.9478666666666666,,,0.9904666666666667,0.9866666666666667,0.9894666666666667,0.9889333333333333,0.9905333333333334
48,0.03739388026394359,0.0,0.03739388026394359,0,0.0,0.0,0.0,contrastive_finetune_only,disabled,0.0,0.41245154166604053,0.9301333333333334,0.98544,0.0728,0.9301333333333334,,,0.9884666666666667,0.9818666666666667,0.9844,0.9832,0.9892666666666666,0.4060103634867738,0.9307333333333333,0.9855733333333333,0.07186666666666666,0.9307333333333333,,,0.9872666666666666,0.9823333333333333,0.9861333333333333,0.9856666666666667,0.9864666666666667
49,0.025985762290443797,0.0,0.025985762290443797,0,0.0,0.0,0.0,contrastive_finetune_only,disabled,0.0,0.28668884200519545,0.9468,0.9890133333333333,0.054933333333333334,0.9468,,,0.9906666666666667,0.9874666666666667,0.9876,0.9884,0.9909333333333333,0.2903593534385746,0.9472666666666667,0.98904,0.054733333333333335,0.9472666666666667,,,0.9896666666666667,0.9860666666666666,0.9889333333333333,0.9899333333333333,0.9906
50,0.03192163266169513,0.0,0.03192163266169513,0,0.0,0.0,0.0,contrastive_finetune_only,disabled,0.0,0.37597037664084554,0.936,0.9868133333333333,0.06593333333333333,0.936,,,0.9894,0.9852,0.9852,0.9864666666666667,0.9878,0.40150650314184183,0.9346,0.9864933333333333,0.06746666666666666,0.9346,,,0.9894,0.9843333333333333,0.9859333333333333,0.9872,0.9856
51,0.014036566760066068,0.0,0.014036566760066068,0,0.0,0.0,0.0,contrastive_finetune_only,disabled,0.0,0.2417181671853425,0.9542,0.9906,0.047,0.9542,,,0.9911333333333333,0.9894,0.9895333333333334,0.9904,0.9925333333333334,0.2434163141190669,0.9544,0.9906666666666667,0.0466,0.9544,,,0.991,0.9888,0.99,0.9906,0.9929333333333333
52,0.006640326548193723,0.0,0.006640326548193723,0,0.0,0.0,0.0,contrastive_finetune_only,disabled,0.0,0.22606058752008198,0.9574,0.99124,0.0438,0.9574,,,0.9921333333333333,0.9898666666666667,0.9901333333333333,0.9913333333333333,0.9927333333333334,0.23069813515584758,0.9579333333333333,0.9913733333333333,0.043133333333333336,0.9579333333333333,,,0.9922666666666666,0.9889333333333333,0.9909333333333333,0.9914666666666667,0.9932666666666666
53,0.00486566644166803,0.0,0.00486566644166803,0,0.0,0.0,0.0,contrastive_finetune_only,disabled,0.0,0.22756948665826596,0.9573333333333334,0.99128,0.0436,0.9573333333333334,,,0.9924666666666667,0.9904,0.9900666666666667,0.9909333333333333,0.9925333333333334,0.23223010353029439,0.959,0.9916266666666667,0.0418,0.959,,,0.9920666666666667,0.9896666666666667,0.9908666666666667,0.9924,0.9931333333333333
54,0.004583701676427382,0.0,0.004583701676427382,0,0.0,0.0,0.0,contrastive_finetune_only,disabled,0.0,0.2168703156498018,0.9589333333333333,0.9916,0.042,0.9589333333333333,,,0.9923333333333333,0.9906,0.9904666666666667,0.9912666666666666,0.9933333333333333,0.2265326642071546,0.9584666666666667,0.99148,0.04253333333333333,0.9584666666666667,,,0.9922,0.9887333333333334,0.9910666666666667,0.9924666666666667,0.9929333333333333
55,0.0036441155216878816,0.0,0.0036441155216878816,0,0.0,0.0,0.0,contrastive_finetune_only,disabled,0.0,0.21504402728938618,0.9598666666666666,0.9917866666666667,0.04106666666666667,0.9598666666666666,,,0.9925333333333334,0.9907333333333334,0.9908666666666667,0.9916666666666667,0.9931333333333333,0.22326438356626857,0.9596666666666667,0.9917466666666667,0.0412,0.9596666666666667,,,0.9920666666666667,0.9899333333333333,0.9912,0.9923333333333333,0.9932
56,0.002897863069526938,0.0,0.002897863069526938,0,0.0,0.0,0.0,contrastive_finetune_only,disabled,0.0,0.22546246663476538,0.9593333333333334,0.99164,0.0418,0.9593333333333334,,,0.9925333333333334,0.9908666666666667,0.9900666666666667,0.9918666666666667,0.9928666666666667,0.23758965496514414,0.9588666666666666,0.9915466666666667,0.04226666666666667,0.9588666666666666,,,0.9921333333333333,0.9898,0.9911333333333333,0.992,0.9926666666666667
57,0.003161371952694748,0.0,0.003161371952694748,0,0.0,0.0,0.0,contrastive_finetune_only,disabled,0.0,0.22792078686781794,0.9594,0.9917466666666667,0.04126666666666667,0.9594,,,0.9923333333333333,0.9911333333333333,0.9906,0.9915333333333334,0.9931333333333333,0.23029194019166405,0.9602666666666667,0.9918533333333334,0.04066666666666666,0.9602666666666667,,,0.9927333333333334,0.9903333333333333,0.9907333333333334,0.9922666666666666,0.9932
58,0.0026392150349824903,0.0,0.0026392150349824903,0,0.0,0.0,0.0,contrastive_finetune_only,disabled,0.0,0.22255339623162457,0.96,0.99184,0.0408,0.96,,,0.9928,0.9910666666666667,0.9906666666666667,0.9915333333333334,0.9931333333333333,0.22483747781144747,0.962,0.9922133333333333,0.03886666666666667,0.962,,,0.9927333333333334,0.9907333333333334,0.9918,0.9922,0.9936
59,0.0021741813150241815,0.0,0.0021741813150241815,0,0.0,0.0,0.0,contrastive_finetune_only,disabled,0.0,0.22501723565069273,0.9602,0.9918933333333333,0.04053333333333333,0.9602,,,0.9922,0.9914,0.9905333333333334,0.9917333333333334,0.9936,0.2258960447511933,0.9610666666666666,0.99204,0.039733333333333336,0.9610666666666666,,,0.9922666666666666,0.9908,0.9914666666666667,0.9921333333333333,0.9935333333333334
60,0.0018366641413453723,0.0,0.0018366641413453723,0,0.0,0.0,0.0,contrastive_finetune_only,disabled,0.0,0.23254638023105106,0.9598,0.9918266666666666,0.04086666666666667,0.9598,,,0.9922,0.9906666666666667,0.9910666666666667,0.9918,0.9934,0.23497363424518125,0.9602,0.9918666666666667,0.0406,0.9602,,,0.9915333333333334,0.9905333333333334,0.9913333333333333,0.9922666666666666,0.9936666666666667
61,0.0017142027498803216,0.0,0.0017142027498803216,0,0.0,0.0,0.0,contrastive_finetune_only,disabled,0.0,0.2235576311289209,0.9608666666666666,0.9919733333333334,0.04013333333333333,0.9608666666666666,,,0.9922,0.9912666666666666,0.9910666666666667,0.9919333333333333,0.9934,0.22788877407450506,0.9612,0.9920666666666667,0.0396,0.9612,,,0.9919333333333333,0.9908,0.9914666666666667,0.9920666666666667,0.9940666666666667
62,0.0017510387705330945,0.0,0.0017510387705330945,0,0.0,0.0,0.0,contrastive_finetune_only,disabled,0.0,0.2317063527332837,0.9591333333333333,0.9916133333333333,0.041933333333333336,0.9591333333333333,,,0.9922666666666666,0.9905333333333334,0.9902666666666666,0.9917333333333334,0.9932666666666666,0.23832371840947011,0.9605333333333334,0.99192,0.04033333333333333,0.9605333333333334,,,0.9928,0.9898,0.9919333333333333,0.992,0.9930666666666667
63,0.0021366447691617435,0.0,0.0021366447691617435,0,0.0,0.0,0.0,contrastive_finetune_only,disabled,0.0,0.22940447539661732,0.9602,0.9918666666666667,0.04066666666666666,0.9602,,,0.992,0.9914,0.9905333333333334,0.9922,0.9932,0.24371171076881123,0.9586666666666667,0.99156,0.04206666666666667,0.9586666666666667,,,0.9916,0.9909333333333333,0.9912666666666666,0.9913333333333333,0.9926666666666667
64,0.0016978089503079392,0.0,0.0016978089503079392,0,0.0,0.0,0.0,contrastive_finetune_only,disabled,0.0,0.23236381582512664,0.9602,0.99188,0.0406,0.9602,,,0.9922666666666666,0.9915333333333334,0.9910666666666667,0.992,0.9925333333333334,0.23814678074336273,0.959,0.9916,0.041933333333333336,0.959,,,0.992,0.9905333333333334,0.9913333333333333,0.9915333333333334,0.9926
65,0.0018066968923757872,0.0,0.0018066968923757872,0,0.0,0.0,0.0,contrastive_finetune_only,disabled,0.0,0.23074232050108703,0.9601333333333333,0.99188,0.0406,0.9601333333333333,,,0.9928666666666667,0.9912,0.9907333333333334,0.9916666666666667,0.9929333333333333,0.24494478973594713,0.9592666666666667,0.99164,0.041666666666666664,0.9592666666666667,,,0.9916,0.9904666666666667,0.9914666666666667,0.9916,0.9930666666666667
66,0.0014243397871255765,0.0,0.0014243397871255765,0,0.0,0.0,0.0,contrastive_finetune_only,disabled,0.0,0.23440994931170667,0.9588666666666666,0.9915866666666666,0.04206666666666667,0.9588666666666666,,,0.9926,0.9908,0.9902666666666666,0.9915333333333334,0.9927333333333334,0.2457000509981918,0.9601333333333333,0.99184,0.04066666666666666,0.9601333333333333,,,0.9922,0.9904666666666667,0.9918666666666667,0.9916,0.9930666666666667
67,0.001411556583996704,0.0,0.001411556583996704,0,0.0,0.0,0.0,contrastive_finetune_only,disabled,0.0,0.23684737765483505,0.9594,0.99172,0.0414,0.9594,,,0.9925333333333334,0.9904,0.9904666666666667,0.9918666666666667,0.9933333333333333,0.24919969072463882,0.9596666666666667,0.9917333333333334,0.0412,0.9596666666666667,,,0.9920666666666667,0.9903333333333333,0.9911333333333333,0.9919333333333333,0.9932
68,0.0010674253517066374,0.0,0.0010674253517066374,0,0.0,0.0,0.0,contrastive_finetune_only,disabled,0.0,0.23895399942939935,0.9597333333333333,0.9918,0.041,0.9597333333333333,,,0.993,0.9904666666666667,0.9904666666666667,0.9921333333333333,0.9929333333333333,0.2501818270084418,0.9605333333333334,0.9919333333333333,0.04033333333333333,0.9605333333333334,,,0.992,0.9904666666666667,0.9922,0.9922,0.9928
69,0.0015546058581312726,0.0,0.0015546058581312726,0,0.0,0.0,0.0,contrastive_finetune_only,disabled,0.0,0.23849812244186475,0.9604,0.9918933333333333,0.04053333333333333,0.9604,,,0.9928666666666667,0.9907333333333334,0.99,0.9927333333333334,0.9931333333333333,0.24936184850298462,0.9609333333333333,0.9919733333333334,0.04,0.9609333333333333,,,0.9917333333333334,0.9905333333333334,0.9924666666666667,0.9922666666666666,0.9928666666666667
70,0.0014893661754767915,0.0,0.0014893661754767915,0,0.0,0.0,0.0,contrastive_finetune_only,disabled,0.0,0.24878068271927792,0.9595333333333333,0.9917066666666666,0.041466666666666666,0.9595333333333333,,,0.9919333333333333,0.9908666666666667,0.9906,0.9924,0.9927333333333334,0.2600402953562654,0.9578,0.99136,0.043133333333333336,0.9578,,,0.991,0.9897333333333334,0.9919333333333333,0.9914666666666667,0.9926666666666667
71,0.0008440776084560819,0.0,0.0008440776084560819,0,0.0,0.0,0.0,contrastive_finetune_only,disabled,0.0,0.23902093242157865,0.9600666666666666,0.9919333333333333,0.04033333333333333,0.9600666666666666,,,0.9928,0.991,0.9906666666666667,0.9918666666666667,0.9933333333333333,0.24868263914262223,0.9598,0.9918133333333333,0.04086666666666667,0.9598,,,0.9916666666666667,0.9905333333333334,0.9918,0.9919333333333333,0.9931333333333333
72,0.0009285877080349163,0.0,0.0009285877080349163,0,0.0,0.0,0.0,contrastive_finetune_only,disabled,0.0,0.2480501617766617,0.9595333333333333,0.9916933333333333,0.04153333333333333,0.9595333333333333,,,0.9926,0.9898,0.9906666666666667,0.9924666666666667,0.9929333333333333,0.2612541345912874,0.9596666666666667,0.9917733333333333,0.04106666666666667,0.9596666666666667,,,0.9924,0.9896,0.9917333333333334,0.9923333333333333,0.9928
73,0.0014358687794905963,0.0,0.0014358687794905963,0,0.0,0.0,0.0,contrastive_finetune_only,disabled,0.0,0.2663778115845684,0.9575333333333333,0.9913466666666667,0.04326666666666667,0.9575333333333333,,,0.9912,0.9910666666666667,0.9904666666666667,0.9916666666666667,0.9923333333333333,0.26665605032231976,0.9586666666666667,0.9915733333333333,0.04206666666666667,0.9586666666666667,,,0.992,0.9906,0.9913333333333333,0.9914666666666667,0.9924666666666667
74,0.0010215354623070807,0.0,0.0010215354623070807,0,0.0,0.0,0.0,contrastive_finetune_only,disabled,0.0,0.23898147681261725,0.9603333333333334,0.9918933333333333,0.04053333333333333,0.9603333333333334,,,0.9926666666666667,0.9910666666666667,0.9912,0.9918,0.9927333333333334,0.2466548886956979,0.96,0.99184,0.04073333333333334,0.96,,,0.9918666666666667,0.9908,0.9922,0.9919333333333333,0.9924
75,0.0011696853913383057,0.0,0.0011696853913383057,0,0.0,0.0,0.0,contrastive_finetune_only,disabled,0.0,0.24844673600241646,0.9586666666666667,0.9915733333333333,0.042133333333333335,0.9586666666666667,,,0.9921333333333333,0.9898,0.9912,0.9920666666666667,0.9926666666666667,0.25520366362935093,0.9585333333333333,0.99152,0.042333333333333334,0.9585333333333333,,,0.9918666666666667,0.9904,0.9913333333333333,0.9920666666666667,0.9919333333333333
76,0.0008027884867939734,0.0,0.0008027884867939734,0,0.0,0.0,0.0,contrastive_finetune_only,disabled,0.0,0.24997071628177822,0.9601333333333333,0.99192,0.0404,0.9601333333333333,,,0.9923333333333333,0.9909333333333333,0.9914666666666667,0.9918666666666667,0.993,0.25641831646678337,0.9604666666666667,0.99196,0.04013333333333333,0.9604666666666667,,,0.9924666666666667,0.9907333333333334,0.992,0.9918,0.9928
77,0.0008357954712253834,0.0,0.0008357954712253834,0,0.0,0.0,0.0,contrastive_finetune_only,disabled,0.0,0.25484086015588975,0.9596,0.9918,0.041,0.9596,,,0.9922666666666666,0.9907333333333334,0.9912666666666666,0.9916,0.9931333333333333,0.262299858193852,0.9598,0.9917866666666667,0.041,0.9598,,,0.9922,0.9906,0.9916666666666667,0.9917333333333334,0.9927333333333334
78,0.0006840578492778881,0.0,0.0006840578492778881,0,0.0,0.0,0.0,contrastive_finetune_only,disabled,0.0,0.24985392783843402,0.9592666666666667,0.9917733333333333,0.041133333333333334,0.9592666666666667,,,0.9921333333333333,0.991,0.9911333333333333,0.9918666666666667,0.9927333333333334,0.26074430493828643,0.9593333333333334,0.9917066666666666,0.0414,0.9593333333333334,,,0.9918666666666667,0.9902,0.9916,0.9917333333333334,0.9931333333333333
79,0.0014760563755876212,0.0,0.0014760563755876212,0,0.0,0.0,0.0,contrastive_finetune_only,disabled,0.0,0.25368257419446466,0.9596666666666667,0.9918,0.041,0.9596666666666667,,,0.9920666666666667,0.9909333333333333,0.9905333333333334,0.9922,0.9932666666666666,0.2654137093397328,0.9597333333333333,0.9917733333333333,0.04106666666666667,0.9597333333333333,,,0.9927333333333334,0.9903333333333333,0.9914,0.9911333333333333,0.9932666666666666
80,0.000882406636578387,0.0,0.000882406636578387,0,0.0,0.0,0.0,contrastive_finetune_only,disabled,0.0,0.25512819362225625,0.9590666666666666,0.99164,0.0418,0.9590666666666666,,,0.9916,0.991,0.9904666666666667,0.9919333333333333,0.9932,0.26321445415112277,0.9587333333333333,0.9915866666666666,0.042,0.9587333333333333,,,0.992,0.9898,0.9916666666666667,0.9918666666666667,0.9926
81,0.0006971197950078646,0.0,0.0006971197950078646,0,0.0,0.0,0.0,contrastive_finetune_only,disabled,0.0,0.2513266673599224,0.9600666666666666,0.9918533333333334,0.04073333333333334,0.9600666666666666,,,0.9925333333333334,0.9906666666666667,0.9908666666666667,0.9915333333333334,0.9936666666666667,0.2688825330854285,0.9580666666666666,0.9914666666666667,0.0426,0.9580666666666666,,,0.9920666666666667,0.9895333333333334,0.9914,0.9916666666666667,0.9926666666666667
82,0.0005133390875952246,0.0,0.0005133390875952246,0,0.0,0.0,0.0,contrastive_finetune_only,disabled,0.0,0.25283211205084066,0.9600666666666666,0.9919066666666667,0.040466666666666665,0.9600666666666666,,,0.9923333333333333,0.9913333333333333,0.9906666666666667,0.9918,0.9934,0.2666865061166042,0.9582666666666667,0.9914933333333333,0.042466666666666666,0.9582666666666667,,,0.9924,0.99,0.991,0.9914666666666667,0.9926
83,0.0007047099459030188,0.0,0.0007047099459030188,0,0.0,0.0,0.0,contrastive_finetune_only,disabled,0.0,0.2549121245148002,0.9593333333333334,0.9917333333333334,0.04133333333333333,0.9593333333333334,,,0.992,0.9908666666666667,0.9906666666666667,0.9915333333333334,0.9936,0.2700104301118854,0.9582666666666667,0.9914933333333333,0.042466666666666666,0.9582666666666667,,,0.9923333333333333,0.9898,0.9914,0.9910666666666667,0.9928666666666667
84,0.0005243967902032335,0.0,0.0005243967902032335,0,0.0,0.0,0.0,contrastive_finetune_only,disabled,0.0,0.25950771238725445,0.96,0.9918666666666667,0.04066666666666666,0.96,,,0.9916666666666667,0.9914666666666667,0.9906,0.9921333333333333,0.9934666666666667,0.26655675845122845,0.9589333333333333,0.9916133333333333,0.04186666666666667,0.9589333333333333,,,0.9921333333333333,0.9899333333333333,0.9914,0.9916,0.993
85,0.0005154509303389328,0.0,0.0005154509303389328,0,0.0,0.0,0.0,contrastive_finetune_only,disabled,0.0,0.261274299413437,0.9596666666666667,0.9917866666666667,0.04106666666666667,0.9596666666666667,,,0.9918,0.9914666666666667,0.9904666666666667,0.9915333333333334,0.9936666666666667,0.26919052088162565,0.9592666666666667,0.99168,0.04153333333333333,0.9592666666666667,,,0.9921333333333333,0.9904666666666667,0.9913333333333333,0.9916,0.9928666666666667
86,0.0008677261302533609,0.0,0.0008677261302533609,0,0.0,0.0,0.0,contrastive_finetune_only,disabled,0.0,0.25956053827626707,0.9585333333333333,0.99156,0.0422,0.9585333333333333,,,0.9915333333333334,0.9908,0.9908666666666667,0.9919333333333333,0.9926666666666667,0.28004497344992024,0.9582,0.9914533333333333,0.042666666666666665,0.9582,,,0.9917333333333334,0.9902,0.991,0.9916,0.9927333333333334
87,0.0007586962805262682,0.0,0.0007586962805262682,0,0.0,0.0,0.0,contrastive_finetune_only,disabled,0.0,0.27445628068544853,0.9588666666666666,0.9915866666666666,0.04206666666666667,0.9588666666666666,,,0.9912666666666666,0.9912666666666666,0.9906666666666667,0.9926,0.9921333333333333,0.2997553432235826,0.9574,0.9912666666666666,0.0436,0.9574,,,0.9916666666666667,0.9898666666666667,0.9912,0.9914666666666667,0.9921333333333333
88,0.0010382578027421235,0.0,0.0010382578027421235,0,0.0,0.0,0.0,contrastive_finetune_only,disabled,0.0,0.2807654858865251,0.9584666666666667,0.9914933333333333,0.04253333333333333,0.9584666666666667,,,0.9919333333333333,0.9904,0.9912,0.9916,0.9923333333333333,0.29789222191198433,0.9568,0.99112,0.044333333333333336,0.9568,,,0.9913333333333333,0.9898,0.991,0.9911333333333333,0.9923333333333333
89,0.0005521224910648984,0.0,0.0005521224910648984,0,0.0,0.0,0.0,contrastive_finetune_only,disabled,0.0,0.2727439075589884,0.9594,0.9917066666666666,0.041466666666666666,0.9594,,,0.9919333333333333,0.9906,0.9909333333333333,0.9919333333333333,0.9931333333333333,0.28253557133287727,0.9588,0.9915733333333333,0.04206666666666667,0.9588,,,0.9917333333333334,0.9902,0.9910666666666667,0.9916666666666667,0.9932
90,0.000504629901699716,0.0,0.000504629901699716,0,0.0,0.0,0.0,contrastive_finetune_only,disabled,0.0,0.2746258939247321,0.9594666666666667,0.9917333333333334,0.04133333333333333,0.9594666666666667,,,0.992,0.9906666666666667,0.9909333333333333,0.9922666666666666,0.9928,0.2835856770473022,0.9581333333333333,0.9914266666666667,0.0428,0.9581333333333333,,,0.9916666666666667,0.99,0.9912,0.9915333333333334,0.9927333333333334
91,0.0007518292248541745,0.0,0.0007518292248541745,0,0.0,0.0,0.0,contrastive_finetune_only,disabled,0.0,0.26567417337178184,0.9598,0.99184,0.0408,0.9598,,,0.9920666666666667,0.991,0.9910666666666667,0.992,0.9930666666666667,0.2747074490070171,0.9590666666666666,0.99164,0.04173333333333333,0.9590666666666666,,,0.9921333333333333,0.9902,0.9913333333333333,0.9918,0.9927333333333334
92,0.0009058932846694705,0.0,0.0009058932846694705,0,0.0,0.0,0.0,contrastive_finetune_only,disabled,0.0,0.2674788670857178,0.9591333333333333,0.9917066666666666,0.041466666666666666,0.9591333333333333,,,0.9918,0.9909333333333333,0.9911333333333333,0.9918,0.9928666666666667,0.2759595514448518,0.9588666666666666,0.9916133333333333,0.04186666666666667,0.9588666666666666,,,0.9919333333333333,0.99,0.9917333333333334,0.9919333333333333,0.9924666666666667
93,0.0005637127650451934,0.0,0.0005637127650451934,0,0.0,0.0,0.0,contrastive_finetune_only,disabled,0.0,0.27620302184672296,0.958,0.9914133333333334,0.04293333333333333,0.958,,,0.9910666666666667,0.9910666666666667,0.9906,0.9918,0.9925333333333334,0.2792902906406101,0.9586666666666667,0.9915333333333334,0.04226666666666667,0.9586666666666667,,,0.9924,0.9900666666666667,0.9906666666666667,0.9922666666666666,0.9922666666666666
94,0.0006831861142030043,0.0,0.0006831861142030043,0,0.0,0.0,0.0,contrastive_finetune_only,disabled,0.0,0.2757980582971287,0.9602,0.9918933333333333,0.04053333333333333,0.9602,,,0.9916666666666667,0.9913333333333333,0.9909333333333333,0.9924666666666667,0.9930666666666667,0.2794358684157487,0.9598,0.9918133333333333,0.04086666666666667,0.9598,,,0.9926666666666667,0.9904,0.9914,0.9918666666666667,0.9927333333333334
95,0.0006438096987802165,0.0,0.0006438096987802165,0,0.0,0.0,0.0,contrastive_finetune_only,disabled,0.0,0.2821576232477147,0.9598,0.9918266666666666,0.04086666666666667,0.9598,,,0.9920666666666667,0.9912666666666666,0.9908666666666667,0.9919333333333333,0.993,0.2855109421381209,0.9604666666666667,0.9919066666666667,0.0404,0.9604666666666667,,,0.9928,0.9904,0.9918,0.9922666666666666,0.9922666666666666
96,0.0006950679986912339,0.0,0.0006950679986912339,0,0.0,0.0,0.0,contrastive_finetune_only,disabled,0.0,0.29043581296395365,0.9593333333333334,0.9917733333333333,0.041133333333333334,0.9593333333333334,,,0.992,0.9913333333333333,0.9908666666666667,0.9914666666666667,0.9932,0.29779158598305894,0.9594,0.9916933333333333,0.041466666666666666,0.9594,,,0.9922666666666666,0.9904,0.9913333333333333,0.9918,0.9926666666666667
97,0.0003876199192468009,0.0,0.0003876199192468009,0,0.0,0.0,0.0,contrastive_finetune_only,disabled,0.0,0.28576365167962725,0.9594666666666667,0.9917866666666667,0.04106666666666667,0.9594666666666667,,,0.9924,0.9904666666666667,0.9914666666666667,0.9918666666666667,0.9927333333333334,0.289410426569892,0.9596,0.9917333333333334,0.04126666666666667,0.9596,,,0.9926,0.9907333333333334,0.991,0.9920666666666667,0.9922666666666666
98,0.0008366807520341456,0.0,0.0008366807520341456,0,0.0,0.0,0.0,contrastive_finetune_only,disabled,0.0,0.30025981184732525,0.9583333333333334,0.9914933333333333,0.04253333333333333,0.9583333333333334,,,0.992,0.9903333333333333,0.9908,0.9914,0.9929333333333333,0.3042187666100638,0.9584,0.9914933333333333,0.042466666666666666,0.9584,,,0.9922,0.9900666666666667,0.9914666666666667,0.9914666666666667,0.9922666666666666
99,0.0006084649549947845,0.0,0.0006084649549947845,0,0.0,0.0,0.0,contrastive_finetune_only,disabled,0.0,0.28397683200695456,0.9583333333333334,0.99156,0.0422,0.9583333333333334,,,0.9916666666666667,0.9909333333333333,0.9906666666666667,0.9917333333333334,0.9928,0.2890369992866057,0.9580666666666666,0.99144,0.04273333333333333,0.9580666666666666,,,0.9915333333333334,0.9905333333333334,0.9912,0.9916,0.9923333333333333
100,0.0008671558841399622,0.0,0.0008671558841399622,0,0.0,0.0,0.0,contrastive_finetune_only,disabled,0.0,0.2849581754066984,0.9596,0.9917733333333333,0.041133333333333334,0.9596,,,0.9918666666666667,0.9910666666666667,0.9914666666666667,0.9916666666666667,0.9928,0.2939204324083279,0.9588666666666666,0.9916266666666667,0.04186666666666667,0.9588666666666666,,,0.9920666666666667,0.9906,0.9913333333333333,0.9916666666666667,0.9924666666666667
101,0.000568014123712057,0.0,0.000568014123712057,0,0.0,0.0,0.0,contrastive_finetune_only,disabled,0.0,0.28393313080761917,0.9597333333333333,0.9918266666666666,0.04086666666666667,0.9597333333333333,,,0.9918666666666667,0.9914,0.9914,0.9916666666666667,0.9928,0.2879195226972057,0.9586666666666667,0.9915866666666666,0.04206666666666667,0.9586666666666667,,,0.9919333333333333,0.9904666666666667,0.9915333333333334,0.9916,0.9924
102,0.00025896177724084605,0.0,0.00025896177724084605,0,0.0,0.0,0.0,contrastive_finetune_only,disabled,0.0,0.2818390089213202,0.9596666666666667,0.9918133333333333,0.040933333333333335,0.9596666666666667,,,0.992,0.991,0.9914,0.9918,0.9928666666666667,0.288048877368992,0.9591333333333333,0.9916533333333334,0.041666666666666664,0.9591333333333333,,,0.9920666666666667,0.9904666666666667,0.9915333333333334,0.9915333333333334,0.9926666666666667
103,0.0003439491148869476,0.0,0.0003439491148869476,0,0.0,0.0,0.0,contrastive_finetune_only,disabled,0.0,0.28256657539474117,0.9598666666666666,0.9918666666666667,0.04066666666666666,0.9598666666666666,,,0.992,0.9916,0.9912,0.9916666666666667,0.9928666666666667,0.28834923116941974,0.9594,0.99172,0.04133333333333333,0.9594,,,0.9920666666666667,0.9905333333333334,0.9916,0.9918666666666667,0.9925333333333334
104,0.00022786245816249886,0.0,0.00022786245816249886,0,0.0,0.0,0.0,contrastive_finetune_only,disabled,0.0,0.2792175439390198,0.9602,0.9919466666666666,0.040266666666666666,0.9602,,,0.9921333333333333,0.9916,0.9914,0.9916666666666667,0.9929333333333333,0.28615532088475215,0.9597333333333333,0.9918,0.041,0.9597333333333333,,,0.9921333333333333,0.9907333333333334,0.9917333333333334,0.9920666666666667,0.9923333333333333
105,0.00024297945264824107,0.0,0.00024297945264824107,0,0.0,0.0,0.0,contrastive_finetune_only,disabled,0.0,0.2773503524858128,0.9604666666666667,0.9919733333333334,0.04013333333333333,0.9604666666666667,,,0.9922666666666666,0.9914,0.9914666666666667,0.9918,0.9929333333333333,0.2852630428165325,0.9599333333333333,0.9918133333333333,0.04086666666666667,0.9599333333333333,,,0.9921333333333333,0.9906666666666667,0.9917333333333334,0.9918666666666667,0.9926666666666667
106,0.00014931629746275794,0.0,0.00014931629746275794,0,0.0,0.0,0.0,contrastive_finetune_only,disabled,0.0,0.2768688507124062,0.96,0.9919466666666666,0.040266666666666666,0.96,,,0.9922666666666666,0.9914,0.9913333333333333,0.9916,0.9931333333333333,0.282839449837976,0.9598666666666666,0.9918266666666666,0.04086666666666667,0.9598666666666666,,,0.9924666666666667,0.9904666666666667,0.9916666666666667,0.9918,0.9927333333333334
107,0.00012497399989257844,0.0,0.00012497399989257844,0,0.0,0.0,0.0,contrastive_finetune_only,disabled,0.0,0.2797525448355798,0.9600666666666666,0.99196,0.0402,0.9600666666666666,,,0.9924,0.9917333333333334,0.9910666666666667,0.9916,0.993,0.2840971805689828,0.96,0.99184,0.04073333333333334,0.96,,,0.9922666666666666,0.9906,0.9918666666666667,0.9917333333333334,0.9927333333333334
108,0.000140004925857502,0.0,0.000140004925857502,0,0.0,0.0,0.0,contrastive_finetune_only,disabled,0.0,0.27952545349953845,0.9602666666666667,0.9919733333333334,0.04013333333333333,0.9602666666666667,,,0.9924,0.9914,0.9911333333333333,0.9916666666666667,0.9932666666666666,0.28549159381382583,0.9596,0.9917866666666667,0.04106666666666667,0.9596,,,0.9924666666666667,0.9906,0.9916,0.9916,0.9926666666666667
109,0.00015886406829044864,0.0,0.00015886406829044864,0,0.0,0.0,0.0,contrastive_finetune_only,disabled,0.0,0.27549880607556143,0.9607333333333333,0.9920666666666667,0.03966666666666667,0.9607333333333333,,,0.9926,0.9917333333333334,0.991,0.9919333333333333,0.9930666666666667,0.2830254094899654,0.9604666666666667,0.9919333333333333,0.040266666666666666,0.9604666666666667,,,0.9924666666666667,0.9906,0.9918,0.9918,0.993
110,0.0001511702540761219,0.0,0.0001511702540761219,0,0.0,0.0,0.0,contrastive_finetune_only,disabled,0.0,0.2782397595645152,0.9606666666666667,0.9920533333333333,0.039733333333333336,0.9606666666666667,,,0.9922,0.9916,0.9912666666666666,0.992,0.9932,0.2850088730878153,0.961,0.9920266666666666,0.0398,0.961,,,0.9924,0.9906666666666667,0.9918,0.9920666666666667,0.9932
111,0.0001698086918216654,0.0,0.0001698086918216654,0,0.0,0.0,0.0,contrastive_finetune_only,disabled,0.0,0.27566988249674707,0.9605333333333334,0.9920266666666666,0.03986666666666667,0.9605333333333334,,,0.9924,0.9916666666666667,0.9912,0.9917333333333334,0.9931333333333333,0.28101589368560914,0.9609333333333333,0.9920266666666666,0.0398,0.9609333333333333,,,0.9925333333333334,0.9908,0.992,0.9919333333333333,0.9928666666666667
112,0.0001804092391713803,0.0,0.0001804092391713803,0,0.0,0.0,0.0,contrastive_finetune_only,disabled,0.0,0.2772849318478814,0.9604666666666667,0.9920266666666666,0.03986666666666667,0.9604666666666667,,,0.9924,0.9916,0.9912666666666666,0.9917333333333334,0.9931333333333333,0.2827507329440584,0.9606,0.99196,0.0402,0.9606,,,0.9924666666666667,0.9908,0.9919333333333333,0.9918,0.9928
113,0.0001296361110042664,0.0,0.0001296361110042664,0,0.0,0.0,0.0,contrastive_finetune_only,disabled,0.0,0.2745614028278803,0.9609333333333333,0.9921333333333333,0.03933333333333333,0.9609333333333333,,,0.9923333333333333,0.9915333333333334,0.9914,0.9921333333333333,0.9932666666666666,0.2818527167514827,0.9604666666666667,0.99192,0.04033333333333333,0.9604666666666667,,,0.9924666666666667,0.9906666666666667,0.9919333333333333,0.9918666666666667,0.9926666666666667
114,0.00011967958134395227,0.0,0.00011967958134395227,0,0.0,0.0,0.0,contrastive_finetune_only,disabled,0.0,0.27650760651989176,0.9606,0.99204,0.0398,0.9606,,,0.9923333333333333,0.9912,0.9914666666666667,0.9918666666666667,0.9933333333333333,0.28232237013995626,0.9604666666666667,0.99196,0.0402,0.9604666666666667,,,0.9923333333333333,0.9908,0.9919333333333333,0.9919333333333333,0.9928
115,0.0001346816603471502,0.0,0.0001346816603471502,0,0.0,0.0,0.0,contrastive_finetune_only,disabled,0.0,0.27441111613927904,0.9614666666666667,0.9921866666666667,0.039066666666666666,0.9614666666666667,,,0.9926666666666667,0.9914666666666667,0.9912,0.9922666666666666,0.9933333333333333,0.28232864587246675,0.9601333333333333,0.9918666666666667,0.0406,0.9601333333333333,,,0.9923333333333333,0.9905333333333334,0.9918,0.9918,0.9928666666666667
116,0.0002656447636267373,0.0,0.0002656447636267373,0,0.0,0.0,0.0,contrastive_finetune_only,disabled,0.0,0.2751240404086507,0.9608,0.9920666666666667,0.03966666666666667,0.9608,,,0.9925333333333334,0.9914666666666667,0.991,0.9918666666666667,0.9934666666666667,0.28411100906012776,0.9610666666666666,0.9920533333333333,0.039733333333333336,0.9610666666666666,,,0.9925333333333334,0.9906666666666667,0.9920666666666667,0.9919333333333333,0.9930666666666667
117,0.00011505651367800912,0.0,0.00011505651367800912,0,0.0,0.0,0.0,contrastive_finetune_only,disabled,0.0,0.2742689102273753,0.9608,0.99208,0.0396,0.9608,,,0.9926666666666667,0.9914,0.9911333333333333,0.9919333333333333,0.9932666666666666,0.2813756333329985,0.961,0.99204,0.039733333333333336,0.961,,,0.9926666666666667,0.9905333333333334,0.992,0.992,0.993
118,0.00014896766669801576,0.0,0.00014896766669801576,0,0.0,0.0,0.0,contrastive_finetune_only,disabled,0.0,0.27619653140145795,0.9613333333333334,0.9921866666666667,0.039066666666666666,0.9613333333333334,,,0.9925333333333334,0.9916666666666667,0.9910666666666667,0.9922,0.9934666666666667,0.2824201816119541,0.9609333333333333,0.9920266666666666,0.03986666666666667,0.9609333333333333,,,0.9924666666666667,0.9908666666666667,0.9920666666666667,0.992,0.9927333333333334
119,9.484240401811933e-05,0.0,9.484240401811933e-05,0,0.0,0.0,0.0,contrastive_finetune_only,disabled,0.0,0.27739347565871636,0.9608666666666666,0.9921066666666667,0.039466666666666664,0.9608666666666666,,,0.9926,0.9916,0.9911333333333333,0.9919333333333333,0.9932666666666666,0.2825338653138618,0.9612,0.9920666666666667,0.0396,0.9612,,,0.9926,0.9908,0.992,0.9921333333333333,0.9928
120,0.00011058353596473536,0.0,0.00011058353596473536,0,0.0,0.0,0.0,contrastive_finetune_only,disabled,0.0,0.27820653392955913,0.9610666666666666,0.9921066666666667,0.039466666666666664,0.9610666666666666,,,0.9926,0.9918666666666667,0.9911333333333333,0.9915333333333334,0.9934,0.28348419200950997,0.9612666666666667,0.99208,0.03953333333333333,0.9612666666666667,,,0.9925333333333334,0.9908,0.9920666666666667,0.9918666666666667,0.9931333333333333
121,0.00010174883485812141,0.0,0.00010174883485812141,0,0.0,0.0,0.0,contrastive_finetune_only,disabled,0.0,0.2741577840013362,0.9613333333333334,0.9921733333333334,0.03913333333333333,0.9613333333333334,,,0.9924,0.9916,0.9912666666666666,0.9922666666666666,0.9933333333333333,0.27968120741109276,0.9608,0.992,0.039933333333333335,0.9608,,,0.9926,0.9908,0.9919333333333333,0.9918,0.9928666666666667
122,0.00021471760364768223,0.0,0.00021471760364768223,0,0.0,0.0,0.0,contrastive_finetune_only,disabled,0.0,0.27568354062721173,0.9619333333333333,0.99228,0.0386,0.9619333333333333,,,0.9928,0.9916666666666667,0.9915333333333334,0.9922,0.9932,0.28131867717510955,0.9614666666666667,0.9921333333333333,0.039266666666666665,0.9614666666666667,,,0.9926666666666667,0.9908666666666667,0.9919333333333333,0.9920666666666667,0.9931333333333333
123,9.095707912335787e-05,0.0,9.095707912335787e-05,0,0.0,0.0,0.0,contrastive_finetune_only,disabled,0.0,0.27420227351729487,0.9608666666666666,0.99208,0.0396,0.9608666666666666,,,0.9924,0.9916666666666667,0.9912,0.9922,0.9929333333333333,0.2813322074360219,0.9609333333333333,0.9920133333333333,0.03986666666666667,0.9609333333333333,,,0.9926,0.9906666666666667,0.9918,0.9919333333333333,0.9930666666666667
124,0.00010007388507329249,0.0,0.00010007388507329249,0,0.0,0.0,0.0,contrastive_finetune_only,disabled,0.0,0.27453982687471346,0.9617333333333333,0.9922266666666667,0.03886666666666667,0.9617333333333333,,,0.9925333333333334,0.9916666666666667,0.9914,0.9920666666666667,0.9934666666666667,0.2819056585739166,0.9614,0.99212,0.03933333333333333,0.9614,,,0.9928666666666667,0.9907333333333334,0.992,0.992,0.993
125,8.069234843422156e-05,0.0,8.069234843422156e-05,0,0.0,0.0,0.0,contrastive_finetune_only,disabled,0.0,0.2767824797343874,0.9612,0.9921866666666667,0.039066666666666666,0.9612,,,0.9925333333333334,0.9915333333333334,0.9914666666666667,0.9920666666666667,0.9933333333333333,0.28256596116992483,0.9610666666666666,0.9920533333333333,0.039733333333333336,0.9610666666666666,,,0.9926,0.9906666666666667,0.9921333333333333,0.992,0.9928666666666667
126,0.00011571010402295773,0.0,0.00011571010402295773,0,0.0,0.0,0.0,contrastive_finetune_only,disabled,0.0,0.27901610955403233,0.9612666666666667,0.9921466666666666,0.039266666666666665,0.9612666666666667,,,0.9924,0.9917333333333334,0.9910666666666667,0.9921333333333333,0.9934,0.2842887443111667,0.9615333333333334,0.9921466666666666,0.0392,0.9615333333333334,,,0.9926,0.9908666666666667,0.9921333333333333,0.992,0.9931333333333333
127,7.796299417281518e-05,0.0,7.796299417281518e-05,0,0.0,0.0,0.0,contrastive_finetune_only,disabled,0.0,0.27836790957920693,0.9616666666666667,0.99224,0.0388,0.9616666666666667,,,0.9926,0.9916666666666667,0.9916,0.9919333333333333,0.9934,0.28371849650483977,0.9616,0.9921466666666666,0.0392,0.9616,,,0.9926666666666667,0.9911333333333333,0.992,0.9919333333333333,0.993
128,7.428345515579141e-05,0.0,7.428345515579141e-05,0,0.0,0.0,0.0,contrastive_finetune_only,disabled,0.0,0.27765908548008544,0.9618,0.9922533333333333,0.038733333333333335,0.9618,,,0.9926666666666667,0.9916666666666667,0.9914,0.9921333333333333,0.9934,0.2846629049117334,0.9613333333333334,0.9921066666666667,0.0394,0.9613333333333334,,,0.9926666666666667,0.9909333333333333,0.9919333333333333,0.992,0.993
129,7.53249748149922e-05,0.0,7.53249748149922e-05,0,0.0,0.0,0.0,contrastive_finetune_only,disabled,0.0,0.27741429669985085,0.9610666666666666,0.99212,0.0394,0.9610666666666666,,,0.9924666666666667,0.9914,0.9912,0.9921333333333333,0.9934,0.2854765028970081,0.9610666666666666,0.9920666666666667,0.03966666666666667,0.9610666666666666,,,0.9926,0.9909333333333333,0.992,0.9918666666666667,0.9929333333333333
130,9.421341355882e-05,0.0,9.421341355882e-05,0,0.0,0.0,0.0,contrastive_finetune_only,disabled,0.0,0.27697289298107053,0.9614,0.9921733333333334,0.03913333333333333,0.9614,,,0.9929333333333333,0.9914,0.991,0.9924,0.9931333333333333,0.2854070963080418,0.9616666666666667,0.9921733333333334,0.039066666666666666,0.9616666666666667,,,0.9926666666666667,0.9908,0.9921333333333333,0.992,0.9932666666666666
131,6.246225172781267e-05,0.0,6.246225172781267e-05,0,0.0,0.0,0.0,contrastive_finetune_only,disabled,0.0,0.2769359449315395,0.9615333333333334,0.9922266666666667,0.03886666666666667,0.9615333333333334,,,0.9927333333333334,0.9914,0.9915333333333334,0.9921333333333333,0.9933333333333333,0.28467953875366764,0.9612666666666667,0.99208,0.03953333333333333,0.9612666666666667,,,0.9926,0.9908,0.9922,0.9919333333333333,0.9928666666666667
132,8.155899835681425e-05,0.0,8.155899835681425e-05,0,0.0,0.0,0.0,contrastive_finetune_only,disabled,0.0,0.27547693095663256,0.9615333333333334,0.9921733333333334,0.03913333333333333,0.9615333333333334,,,0.9926666666666667,0.9917333333333334,0.9912,0.9922,0.9930666666666667,0.28516966964887885,0.9613333333333334,0.9921066666666667,0.0394,0.9613333333333334,,,0.9925333333333334,0.9909333333333333,0.9918,0.9920666666666667,0.9932
133,6.28872447938981e-05,0.0,6.28872447938981e-05,0,0.0,0.0,0.0,contrastive_finetune_only,disabled,0.0,0.27432924377452317,0.9615333333333334,0.9922,0.039,0.9615333333333334,,,0.9927333333333334,0.9912,0.9914,0.9924666666666667,0.9932,0.28515063513469285,0.9610666666666666,0.9920533333333333,0.03966666666666667,0.9610666666666666,,,0.9924666666666667,0.9906,0.9922,0.9919333333333333,0.9930666666666667
134,6.004486611621243e-05,0.0,6.004486611621243e-05,0,0.0,0.0,0.0,contrastive_finetune_only,disabled,0.0,0.2745630229480044,0.9611333333333333,0.9921066666666667,0.039466666666666664,0.9611333333333333,,,0.9926666666666667,0.9914,0.9912,0.9921333333333333,0.9931333333333333,0.2850383117020024,0.9615333333333334,0.9921333333333333,0.039266666666666665,0.9615333333333334,,,0.9925333333333334,0.9906666666666667,0.9921333333333333,0.9921333333333333,0.9932
135,6.69687307182018e-05,0.0,6.69687307182018e-05,0,0.0,0.0,0.0,contrastive_finetune_only,disabled,0.0,0.2763728019123788,0.9606666666666667,0.99204,0.0398,0.9606666666666667,,,0.9924,0.9913333333333333,0.9912,0.9920666666666667,0.9932,0.2834860557060196,0.9614,0.99212,0.03933333333333333,0.9614,,,0.9926,0.9908666666666667,0.9918666666666667,0.9921333333333333,0.9931333333333333
136,5.375163306350637e-05,0.0,5.375163306350637e-05,0,0.0,0.0,0.0,contrastive_finetune_only,disabled,0.0,0.2757763993514403,0.9611333333333333,0.9921333333333333,0.03933333333333333,0.9611333333333333,,,0.9926666666666667,0.9913333333333333,0.9912666666666666,0.9921333333333333,0.9932666666666666,0.28533360276119213,0.9611333333333333,0.9920666666666667,0.0396,0.9611333333333333,,,0.9925333333333334,0.9907333333333334,0.9920666666666667,0.9919333333333333,0.9930666666666667
137,8.079445120415288e-05,0.0,8.079445120415288e-05,0,0.0,0.0,0.0,contrastive_finetune_only,disabled,0.0,0.2782060107058606,0.9608,0.99204,0.0398,0.9608,,,0.9927333333333334,0.9913333333333333,0.9910666666666667,0.9921333333333333,0.9929333333333333,0.2911450861247121,0.9612666666666667,0.99208,0.03953333333333333,0.9612666666666667,,,0.9923333333333333,0.9908,0.9922666666666666,0.9920666666666667,0.9929333333333333
138,0.0001669094481148243,0.0,0.0001669094481148243,0,0.0,0.0,0.0,contrastive_finetune_only,disabled,0.0,0.276925874179823,0.9615333333333334,0.9922266666666667,0.03886666666666667,0.9615333333333334,,,0.9928666666666667,0.9916,0.9912,0.9922666666666666,0.9932,0.28854607125148835,0.9614,0.99212,0.03933333333333333,0.9614,,,0.9924666666666667,0.9910666666666667,0.992,0.9920666666666667,0.993
139,5.7413812352123985e-05,0.0,5.7413812352123985e-05,0,0.0,0.0,0.0,contrastive_finetune_only,disabled,0.0,0.27698006689340043,0.9608666666666666,0.99208,0.0396,0.9608666666666666,,,0.9923333333333333,0.9913333333333333,0.9912666666666666,0.9920666666666667,0.9934,0.2859937418397439,0.9612,0.99208,0.03953333333333333,0.9612,,,0.9922666666666666,0.9910666666666667,0.9920666666666667,0.9919333333333333,0.9930666666666667
140,6.027023884750726e-05,0.0,6.027023884750726e-05,0,0.0,0.0,0.0,contrastive_finetune_only,disabled,0.0,0.2780527667706763,0.9606666666666667,0.992,0.04,0.9606666666666667,,,0.9924666666666667,0.9912,0.991,0.9920666666666667,0.9932666666666666,0.2879367745268571,0.9617333333333333,0.9921866666666667,0.039,0.9617333333333333,,,0.9925333333333334,0.9909333333333333,0.9923333333333333,0.9920666666666667,0.9930666666666667
141,7.131655337967843e-05,0.0,7.131655337967843e-05,0,0.0,0.0,0.0,contrastive_finetune_only,disabled,0.0,0.274994734338183,0.9616,0.9922266666666667,0.03886666666666667,0.9616,,,0.9926666666666667,0.9914,0.9912,0.9924,0.9934666666666667,0.2835206998218943,0.9614,0.99212,0.03933333333333333,0.9614,,,0.9924666666666667,0.9908666666666667,0.9922,0.9918666666666667,0.9932
142,5.699420794716016e-05,0.0,5.699420794716016e-05,0,0.0,0.0,0.0,contrastive_finetune_only,disabled,0.0,0.27815407159244177,0.9615333333333334,0.9922133333333333,0.038933333333333334,0.9615333333333334,,,0.9925333333333334,0.9916,0.9911333333333333,0.9923333333333333,0.9934666666666667,0.2845128873783904,0.9614,0.99212,0.03933333333333333,0.9614,,,0.9925333333333334,0.9912666666666666,0.992,0.9916666666666667,0.9931333333333333
143,5.594051698876719e-05,0.0,5.594051698876719e-05,0,0.0,0.0,0.0,contrastive_finetune_only,disabled,0.0,0.2781795154103902,0.9614,0.9921733333333334,0.03913333333333333,0.9614,,,0.9924666666666667,0.9915333333333334,0.9912666666666666,0.9922,0.9934,0.28672187648682007,0.9620666666666666,0.9922533333333333,0.03866666666666667,0.9620666666666666,,,0.9924666666666667,0.9912666666666666,0.9921333333333333,0.9920666666666667,0.9933333333333333
144,5.1351810500465005e-05,0.0,5.1351810500465005e-05,0,0.0,0.0,0.0,contrastive_finetune_only,disabled,0.0,0.2787676844311639,0.9611333333333333,0.99212,0.0394,0.9611333333333333,,,0.9926666666666667,0.9913333333333333,0.9912,0.9921333333333333,0.9932666666666666,0.2911419459170537,0.9606666666666667,0.99196,0.04013333333333333,0.9606666666666667,,,0.9924,0.9904666666666667,0.9918666666666667,0.9920666666666667,0.993
145,4.988075672987398e-05,0.0,4.988075672987398e-05,0,0.0,0.0,0.0,contrastive_finetune_only,disabled,0.0,0.2802184896330568,0.9617333333333333,0.9922266666666667,0.03886666666666667,0.9617333333333333,,,0.9927333333333334,0.9914666666666667,0.9913333333333333,0.9922,0.9934,0.2913087273608943,0.9614,0.9921066666666667,0.0394,0.9614,,,0.9926,0.9907333333333334,0.9917333333333334,0.9924,0.9930666666666667
146,5.857277390333074e-05,0.0,5.857277390333074e-05,0,0.0,0.0,0.0,contrastive_finetune_only,disabled,0.0,0.2785443359396247,0.9614666666666667,0.9922,0.039,0.9614666666666667,,,0.9926666666666667,0.9913333333333333,0.9912,0.9924666666666667,0.9933333333333333,0.29155645585307594,0.961,0.9920133333333333,0.03986666666666667,0.961,,,0.9924,0.9905333333333334,0.992,0.9921333333333333,0.993
147,4.886510978822092e-05,0.0,4.886510978822092e-05,0,0.0,0.0,0.0,contrastive_finetune_only,disabled,0.0,0.2823639279878196,0.9614666666666667,0.9922,0.039,0.9614666666666667,,,0.9925333333333334,0.9916666666666667,0.9912,0.9923333333333333,0.9932666666666666,0.28820133676140647,0.961,0.9920266666666666,0.0398,0.961,,,0.9924,0.9908666666666667,0.9918,0.992,0.9930666666666667
148,4.4469561135508655e-05,0.0,4.4469561135508655e-05,0,0.0,0.0,0.0,contrastive_finetune_only,disabled,0.0,0.2781643021084919,0.9614666666666667,0.9922,0.039,0.9614666666666667,,,0.9924666666666667,0.9916666666666667,0.9912,0.9924,0.9932666666666666,0.28968087964439815,0.9606666666666667,0.9919733333333334,0.04006666666666667,0.9606666666666667,,,0.9922666666666666,0.9904666666666667,0.992,0.9921333333333333,0.993
149,5.769143561904198e-05,0.0,5.769143561904198e-05,0,0.0,0.0,0.0,contrastive_finetune_only,disabled,0.0,0.27915401526217776,0.9616,0.9922,0.039,0.9616,,,0.9927333333333334,0.9912666666666666,0.9912,0.9924,0.9934,0.29220571022720987,0.9610666666666666,0.9920533333333333,0.03966666666666667,0.9610666666666666,,,0.9922,0.9907333333333334,0.9919333333333333,0.9924,0.993
150,4.741829663209368e-05,0.0,4.741829663209368e-05,0,0.0,0.0,0.0,contrastive_finetune_only,disabled,0.0,0.28047174913184053,0.961,0.9920933333333334,0.03953333333333333,0.961,,,0.9924,0.9916,0.9912666666666666,0.9920666666666667,0.9931333333333333,0.29209287539545564,0.9610666666666666,0.9920533333333333,0.03966666666666667,0.9610666666666666,,,0.9922,0.9906666666666667,0.9922,0.9921333333333333,0.9930666666666667
151,0.00013313705670948164,0.0,0.00013313705670948164,0,0.0,0.0,0.0,contrastive_finetune_only,disabled,0.0,0.2822091155277373,0.9614,0.99216,0.0392,0.9614,,,0.9924666666666667,0.9917333333333334,0.9912,0.9922666666666666,0.9931333333333333,0.2914128629430203,0.9612,0.99208,0.03953333333333333,0.9612,,,0.9922,0.9908666666666667,0.9921333333333333,0.992,0.9932
152,7.425951814366034e-05,0.0,7.425951814366034e-05,0,0.0,0.0,0.0,contrastive_finetune_only,disabled,0.0,0.2814574287396294,0.9614,0.99216,0.0392,0.9614,,,0.9925333333333334,0.9910666666666667,0.9912666666666666,0.9926,0.9933333333333333,0.29449153882796575,0.9608,0.992,0.039933333333333335,0.9608,,,0.9922,0.9905333333333334,0.992,0.9922,0.9930666666666667
153,6.727389189099592e-05,0.0,6.727389189099592e-05,0,0.0,0.0,0.0,contrastive_finetune_only,disabled,0.0,0.2826927188625361,0.9615333333333334,0.9921866666666667,0.039066666666666666,0.9615333333333334,,,0.9924666666666667,0.9916666666666667,0.9910666666666667,0.9924666666666667,0.9932666666666666,0.2944161313524169,0.9612666666666667,0.9920933333333334,0.039466666666666664,0.9612666666666667,,,0.9924666666666667,0.9905333333333334,0.9922,0.9921333333333333,0.9931333333333333
154,6.97908347532879e-05,0.0,6.97908347532879e-05,0,0.0,0.0,0.0,contrastive_finetune_only,disabled,0.0,0.28154462914674677,0.9614666666666667,0.9921866666666667,0.039066666666666666,0.9614666666666667,,,0.9925333333333334,0.9917333333333334,0.9912666666666666,0.9922,0.9932,0.2929671190708874,0.961,0.99204,0.039733333333333336,0.961,,,0.9920666666666667,0.9906666666666667,0.9923333333333333,0.9920666666666667,0.9930666666666667
155,5.644270388606725e-05,0.0,5.644270388606725e-05,0,0.0,0.0,0.0,contrastive_finetune_only,disabled,0.0,0.2804778166768359,0.9620666666666666,0.9923066666666667,0.03846666666666667,0.9620666666666666,,,0.9926,0.9916666666666667,0.9912666666666666,0.9927333333333334,0.9932666666666666,0.2933351932310696,0.9615333333333334,0.9921466666666666,0.0392,0.9615333333333334,,,0.9924666666666667,0.9909333333333333,0.9921333333333333,0.9920666666666667,0.9931333333333333
156,5.1053704272135883e-05,0.0,5.1053704272135883e-05,0,0.0,0.0,0.0,contrastive_finetune_only,disabled,0.0,0.27955376797765485,0.9615333333333334,0.9922133333333333,0.038933333333333334,0.9615333333333334,,,0.9925333333333334,0.9915333333333334,0.9912666666666666,0.9924,0.9933333333333333,0.2906048304952453,0.9610666666666666,0.9920533333333333,0.03966666666666667,0.9610666666666666,,,0.9920666666666667,0.9906666666666667,0.9921333333333333,0.9922,0.9932
157,4.485955781284691e-05,0.0,4.485955781284691e-05,0,0.0,0.0,0.0,contrastive_finetune_only,disabled,0.0,0.28335777629769276,0.9613333333333334,0.9921866666666667,0.039066666666666666,0.9613333333333334,,,0.9924,0.9917333333333334,0.9913333333333333,0.9922,0.9932666666666666,0.2916887856637836,0.961,0.99204,0.039733333333333336,0.961,,,0.9923333333333333,0.9907333333333334,0.9920666666666667,0.9918666666666667,0.9932
158,5.062700792372644e-05,0.0,5.062700792372644e-05,0,0.0,0.0,0.0,contrastive_finetune_only,disabled,0.0,0.28191325835546294,0.9614,0.9921733333333334,0.03913333333333333,0.9614,,,0.9924666666666667,0.9914666666666667,0.9912666666666666,0.9924666666666667,0.9932,0.2931639542524979,0.9609333333333333,0.9920266666666666,0.0398,0.9609333333333333,,,0.9922666666666666,0.9906,0.992,0.9921333333333333,0.9931333333333333
159,4.32418802080307e-05,0.0,4.32418802080307e-05,0,0.0,0.0,0.0,contrastive_finetune_only,disabled,0.0,0.2778242470260746,0.9619333333333333,0.9922933333333334,0.038533333333333336,0.9619333333333333,,,0.9926,0.9917333333333334,0.9914,0.9923333333333333,0.9934,0.2909114055866512,0.9609333333333333,0.9920266666666666,0.0398,0.9609333333333333,,,0.9922666666666666,0.9906,0.9922666666666666,0.9919333333333333,0.9930666666666667
160,4.7698330482067144e-05,0.0,4.7698330482067144e-05,0,0.0,0.0,0.0,contrastive_finetune_only,disabled,0.0,0.2815473005203146,0.9616666666666667,0.9922133333333333,0.038933333333333334,0.9616666666666667,,,0.9924666666666667,0.9914666666666667,0.9912666666666666,0.9924666666666667,0.9934,0.29414253007015123,0.9609333333333333,0.9920266666666666,0.0398,0.9609333333333333,,,0.9922,0.9907333333333334,0.9918666666666667,0.9922,0.9931333333333333
161,5.036265404054356e-05,0.0,5.036265404054356e-05,0,0.0,0.0,0.0,contrastive_finetune_only,disabled,0.0,0.27901846380669243,0.9614,0.9921866666666667,0.039066666666666666,0.9614,,,0.9924666666666667,0.9915333333333334,0.9913333333333333,0.9922666666666666,0.9933333333333333,0.28922602696705885,0.9608,0.992,0.039933333333333335,0.9608,,,0.9924666666666667,0.9904666666666667,0.9920666666666667,0.9918666666666667,0.9931333333333333
162,4.438214926667522e-05,0.0,4.438214926667522e-05,0,0.0,0.0,0.0,contrastive_finetune_only,disabled,0.0,0.2810314881813998,0.9614,0.99216,0.0392,0.9614,,,0.9925333333333334,0.9912666666666666,0.9912666666666666,0.9924,0.9933333333333333,0.2912128825960377,0.9609333333333333,0.9920266666666666,0.0398,0.9609333333333333,,,0.9922,0.9907333333333334,0.9922,0.9918666666666667,0.9931333333333333
163,4.9885653349018944e-05,0.0,4.9885653349018944e-05,0,0.0,0.0,0.0,contrastive_finetune_only,disabled,0.0,0.27874828816642394,0.9617333333333333,0.9922533333333333,0.038733333333333335,0.9617333333333333,,,0.9924,0.9914666666666667,0.9913333333333333,0.9927333333333334,0.9933333333333333,0.2899716357933667,0.9611333333333333,0.9920666666666667,0.0396,0.9611333333333333,,,0.9923333333333333,0.9907333333333334,0.9922,0.9920666666666667,0.993
164,4.519687625339885e-05,0.0,4.519687625339885e-05,0,0.0,0.0,0.0,contrastive_finetune_only,disabled,0.0,0.28140990613525535,0.9614666666666667,0.9921866666666667,0.039066666666666666,0.9614666666666667,,,0.9925333333333334,0.9914666666666667,0.9912,0.9924666666666667,0.9932666666666666,0.2907151589439618,0.9613333333333334,0.9921066666666667,0.0394,0.9613333333333334,,,0.9924,0.9908,0.9922666666666666,0.9919333333333333,0.9931333333333333
165,4.7016074972519734e-05,0.0,4.7016074972519734e-05,0,0.0,0.0,0.0,contrastive_finetune_only,disabled,0.0,0.27979154869012457,0.9618666666666666,0.9922533333333333,0.038733333333333335,0.9618666666666666,,,0.9926,0.9915333333333334,0.9912,0.9926,0.9933333333333333,0.2920389494765178,0.9611333333333333,0.9920666666666667,0.0396,0.9611333333333333,,,0.9926666666666667,0.9905333333333334,0.9921333333333333,0.992,0.993
166,5.0217557304024e-05,0.0,5.0217557304024e-05,0,0.0,0.0,0.0,contrastive_finetune_only,disabled,0.0,0.2797565954669869,0.9616,0.9922133333333333,0.038933333333333334,0.9616,,,0.9924666666666667,0.9914666666666667,0.9912,0.9924666666666667,0.9934666666666667,0.29187059799569787,0.9610666666666666,0.9920533333333333,0.03966666666666667,0.9610666666666666,,,0.9922666666666666,0.9906,0.9923333333333333,0.9922,0.9928666666666667
167,4.511945677518329e-05,0.0,4.511945677518329e-05,0,0.0,0.0,0.0,contrastive_finetune_only,disabled,0.0,0.2786248838465597,0.9617333333333333,0.99228,0.0386,0.9617333333333333,,,0.9926,0.9916666666666667,0.9913333333333333,0.9924666666666667,0.9933333333333333,0.28933251791545733,0.9614666666666667,0.9921333333333333,0.039266666666666665,0.9614666666666667,,,0.9925333333333334,0.9907333333333334,0.9921333333333333,0.9922,0.9930666666666667
168,4.443796699783995e-05,0.0,4.443796699783995e-05,0,0.0,0.0,0.0,contrastive_finetune_only,disabled,0.0,0.2806971394768551,0.9616666666666667,0.9922,0.039,0.9616666666666667,,,0.9926,0.9913333333333333,0.9912,0.9925333333333334,0.9933333333333333,0.29301561778568397,0.9615333333333334,0.9921466666666666,0.0392,0.9615333333333334,,,0.9924666666666667,0.9907333333333334,0.9922,0.9922,0.9931333333333333
169,4.474713669402719e-05,0.0,4.474713669402719e-05,0,0.0,0.0,0.0,contrastive_finetune_only,disabled,0.0,0.2814177085673749,0.9616666666666667,0.9922533333333333,0.038733333333333335,0.9616666666666667,,,0.9924,0.9917333333333334,0.9914,0.9924666666666667,0.9932666666666666,0.2907479020969557,0.9612,0.99208,0.03953333333333333,0.9612,,,0.9923333333333333,0.9908,0.992,0.9922,0.9930666666666667
170,4.4307127277641024e-05,0.0,4.4307127277641024e-05,0,0.0,0.0,0.0,contrastive_finetune_only,disabled,0.0,0.2839971009320312,0.9613333333333334,0.9921733333333334,0.03913333333333333,0.9613333333333334,,,0.9924,0.9917333333333334,0.9912666666666666,0.9920666666666667,0.9934,0.2920493576696243,0.9615333333333334,0.9921466666666666,0.0392,0.9615333333333334,,,0.9925333333333334,0.9907333333333334,0.9921333333333333,0.9920666666666667,0.9932666666666666
171,4.601796105719541e-05,0.0,4.601796105719541e-05,0,0.0,0.0,0.0,contrastive_finetune_only,disabled,0.0,0.27918351521139095,0.9617333333333333,0.9922666666666666,0.03866666666666667,0.9617333333333333,,,0.9926666666666667,0.9916,0.9912666666666666,0.9924,0.9934,0.2885537681295976,0.9608,0.992,0.039933333333333335,0.9608,,,0.9922666666666666,0.9906666666666667,0.9921333333333333,0.992,0.9929333333333333
172,4.34163063083211e-05,0.0,4.34163063083211e-05,0,0.0,0.0,0.0,contrastive_finetune_only,disabled,0.0,0.28185784241527184,0.9616,0.9922266666666667,0.03886666666666667,0.9616,,,0.9923333333333333,0.9918,0.9912666666666666,0.9923333333333333,0.9934,0.2903732643421384,0.9617333333333333,0.9921866666666667,0.039,0.9617333333333333,,,0.9924666666666667,0.9909333333333333,0.9920666666666667,0.9922,0.9932666666666666
173,4.0575004134270146e-05,0.0,4.0575004134270146e-05,0,0.0,0.0,0.0,contrastive_finetune_only,disabled,0.0,0.2793458450586068,0.9616,0.9922266666666667,0.03886666666666667,0.9616,,,0.9925333333333334,0.9914,0.9912666666666666,0.9925333333333334,0.9934,0.2904969095454943,0.9610666666666666,0.9920533333333333,0.03966666666666667,0.9610666666666666,,,0.9921333333333333,0.9908,0.9922,0.9920666666666667,0.9930666666666667
174,4.043509010403444e-05,0.0,4.043509010403444e-05,0,0.0,0.0,0.0,contrastive_finetune_only,disabled,0.0,0.2796549560829996,0.9618,0.99224,0.0388,0.9618,,,0.9925333333333334,0.9916,0.9912666666666666,0.9924,0.9934,0.2914896707887392,0.9614666666666667,0.9921333333333333,0.039266666666666665,0.9614666666666667,,,0.9925333333333334,0.9905333333333334,0.9922,0.9923333333333333,0.9930666666666667
175,4.0170882671464155e-05,0.0,4.0170882671464155e-05,0,0.0,0.0,0.0,contrastive_finetune_only,disabled,0.0,0.28132763030270075,0.9616,0.9922533333333333,0.038733333333333335,0.9616,,,0.9924666666666667,0.9915333333333334,0.9913333333333333,0.9925333333333334,0.9934,0.29137809726077085,0.9608,0.992,0.039933333333333335,0.9608,,,0.9922666666666666,0.9906,0.992,0.9921333333333333,0.993
176,3.924616673107183e-05,0.0,3.924616673107183e-05,0,0.0,0.0,0.0,contrastive_finetune_only,disabled,0.0,0.2831888527819579,0.9613333333333334,0.9921733333333334,0.03913333333333333,0.9613333333333334,,,0.9924,0.9916666666666667,0.9911333333333333,0.9923333333333333,0.9933333333333333,0.29260329138465907,0.9614,0.99212,0.03933333333333333,0.9614,,,0.9924,0.9908,0.9921333333333333,0.9922666666666666,0.993
177,3.996448943797329e-05,0.0,3.996448943797329e-05,0,0.0,0.0,0.0,contrastive_finetune_only,disabled,0.0,0.28323745877107787,0.9618666666666666,0.9922933333333334,0.038533333333333336,0.9618666666666666,,,0.9924,0.9918666666666667,0.9913333333333333,0.9924666666666667,0.9934,0.29144109382101846,0.961,0.99204,0.039733333333333336,0.961,,,0.9924,0.9908666666666667,0.992,0.9918666666666667,0.9930666666666667
178,3.771427760552239e-05,0.0,3.771427760552239e-05,0,0.0,0.0,0.0,contrastive_finetune_only,disabled,0.0,0.28209341044938363,0.9616666666666667,0.99224,0.0388,0.9616666666666667,,,0.9928,0.9915333333333334,0.9911333333333333,0.9924,0.9933333333333333,0.29329797095919313,0.9613333333333334,0.9921066666666667,0.0394,0.9613333333333334,,,0.9925333333333334,0.9908,0.992,0.9921333333333333,0.9930666666666667
179,3.982183822762809e-05,0.0,3.982183822762809e-05,0,0.0,0.0,0.0,contrastive_finetune_only,disabled,0.0,0.2814290793173449,0.9614666666666667,0.9922,0.039,0.9614666666666667,,,0.9924666666666667,0.9913333333333333,0.9912666666666666,0.9925333333333334,0.9934,0.2926074511814767,0.9608666666666666,0.9920133333333333,0.03986666666666667,0.9608666666666666,,,0.9923333333333333,0.9906666666666667,0.992,0.9920666666666667,0.993
180,4.0235127375359185e-05,0.0,4.0235127375359185e-05,0,0.0,0.0,0.0,contrastive_finetune_only,disabled,0.0,0.2815068553795425,0.9614666666666667,0.9921733333333334,0.03913333333333333,0.9614666666666667,,,0.9925333333333334,0.9913333333333333,0.9911333333333333,0.9924666666666667,0.9934,0.2932990686096402,0.9612,0.99208,0.03953333333333333,0.9612,,,0.9924,0.9906,0.9920666666666667,0.9922,0.9931333333333333
181,3.654720848935682e-05,0.0,3.654720848935682e-05,0,0.0,0.0,0.0,contrastive_finetune_only,disabled,0.0,0.2821294708137894,0.9614666666666667,0.9922,0.039,0.9614666666666667,,,0.9924666666666667,0.9915333333333334,0.9912666666666666,0.9924666666666667,0.9932666666666666,0.29160503498055634,0.9614666666666667,0.99212,0.03933333333333333,0.9614666666666667,,,0.9924666666666667,0.991,0.9920666666666667,0.992,0.9930666666666667
182,3.735359908801322e-05,0.0,3.735359908801322e-05,0,0.0,0.0,0.0,contrastive_finetune_only,disabled,0.0,0.2808589072892244,0.9618,0.9922266666666667,0.03886666666666667,0.9618,,,0.9924666666666667,0.9918666666666667,0.9911333333333333,0.9923333333333333,0.9933333333333333,0.29162731445484247,0.9614666666666667,0.9921333333333333,0.039266666666666665,0.9614666666666667,,,0.9925333333333334,0.9909333333333333,0.9920666666666667,0.992,0.9931333333333333
183,3.581987315123846e-05,0.0,3.581987315123846e-05,0,0.0,0.0,0.0,contrastive_finetune_only,disabled,0.0,0.278425618474625,0.9618666666666666,0.9922533333333333,0.038733333333333335,0.9618666666666666,,,0.9926,0.9915333333333334,0.9913333333333333,0.9924,0.9934,0.29044793660424595,0.9613333333333334,0.9921066666666667,0.0394,0.9613333333333334,,,0.9923333333333333,0.9906,0.9922666666666666,0.9922,0.9931333333333333
184,3.4501503449672244e-05,0.0,3.4501503449672244e-05,0,0.0,0.0,0.0,contrastive_finetune_only,disabled,0.0,0.27970907223625935,0.9622,0.99232,0.0384,0.9622,,,0.9927333333333334,0.9916,0.9912666666666666,0.9925333333333334,0.9934666666666667,0.29164007506604206,0.9617333333333333,0.9921866666666667,0.039,0.9617333333333333,,,0.9924666666666667,0.9908666666666667,0.9923333333333333,0.9922,0.9930666666666667
185,3.533534488878752e-05,0.0,3.533534488878752e-05,0,0.0,0.0,0.0,contrastive_finetune_only,disabled,0.0,0.2808620548673311,0.9615333333333334,0.9922133333333333,0.038933333333333334,0.9615333333333334,,,0.9924,0.9914666666666667,0.9913333333333333,0.9924,0.9934666666666667,0.28965426449222115,0.9612666666666667,0.9920933333333334,0.039466666666666664,0.9612666666666667,,,0.9924,0.9908666666666667,0.9921333333333333,0.992,0.9930666666666667
186,3.182842323079179e-05,0.0,3.182842323079179e-05,0,0.0,0.0,0.0,contrastive_finetune_only,disabled,0.0,0.2805265633940527,0.9622666666666667,0.9923466666666667,0.038266666666666664,0.9622666666666667,,,0.9927333333333334,0.9917333333333334,0.9914666666666667,0.9924,0.9934,0.2910341292776061,0.9613333333333334,0.9921066666666667,0.0394,0.9613333333333334,,,0.9924666666666667,0.9908666666666667,0.9922,0.9918666666666667,0.9931333333333333
187,3.643036755339588e-05,0.0,3.643036755339588e-05,0,0.0,0.0,0.0,contrastive_finetune_only,disabled,0.0,0.2816555606304954,0.9619333333333333,0.99228,0.0386,0.9619333333333333,,,0.9925333333333334,0.9916666666666667,0.9910666666666667,0.9926666666666667,0.9934666666666667,0.29263777112953016,0.9615333333333334,0.9921466666666666,0.0392,0.9615333333333334,,,0.9924,0.9908666666666667,0.9924,0.9919333333333333,0.9931333333333333
188,3.4357288051513255e-05,0.0,3.4357288051513255e-05,0,0.0,0.0,0.0,contrastive_finetune_only,disabled,0.0,0.2810692855781007,0.9622666666666667,0.9923466666666667,0.038266666666666664,0.9622666666666667,,,0.9926,0.9917333333333334,0.9913333333333333,0.9926,0.9934666666666667,0.29346783019995043,0.9617333333333333,0.9921866666666667,0.039,0.9617333333333333,,,0.9923333333333333,0.9909333333333333,0.9922666666666666,0.9922,0.9932
189,3.748351004670812e-05,0.0,3.748351004670812e-05,0,0.0,0.0,0.0,contrastive_finetune_only,disabled,0.0,0.28157709646983037,0.9615333333333334,0.9922133333333333,0.038933333333333334,0.9615333333333334,,,0.9924666666666667,0.9917333333333334,0.9912666666666666,0.9924,0.9932,0.29177108587095874,0.9611333333333333,0.9920666666666667,0.0396,0.9611333333333333,,,0.9925333333333334,0.9909333333333333,0.9922,0.9918,0.9928666666666667
190,3.74244966376047e-05,0.0,3.74244966376047e-05,0,0.0,0.0,0.0,contrastive_finetune_only,disabled,0.0,0.28192243609312156,0.9616666666666667,0.9922133333333333,0.038933333333333334,0.9616666666666667,,,0.9927333333333334,0.9914666666666667,0.9910666666666667,0.9923333333333333,0.9934666666666667,0.2932786375530649,0.9615333333333334,0.9921466666666666,0.0392,0.9615333333333334,,,0.9924,0.9907333333333334,0.9924,0.9920666666666667,0.9931333333333333
191,3.566712272442349e-05,0.0,3.566712272442349e-05,0,0.0,0.0,0.0,contrastive_finetune_only,disabled,0.0,0.2796152646913295,0.9621333333333333,0.9923466666666667,0.038266666666666664,0.9621333333333333,,,0.9927333333333334,0.9916,0.9912666666666666,0.9926,0.9935333333333334,0.28926561849027377,0.9612,0.99208,0.03953333333333333,0.9612,,,0.9924,0.9907333333333334,0.9922,0.9918666666666667,0.9932
192,3.4686085229608886e-05,0.0,3.4686085229608886e-05,0,0.0,0.0,0.0,contrastive_finetune_only,disabled,0.0,0.2823612272918078,0.9618666666666666,0.9922933333333334,0.038533333333333336,0.9618666666666666,,,0.9925333333333334,0.9916666666666667,0.9912666666666666,0.9926,0.9934,0.2916557797708362,0.9612666666666667,0.9920933333333334,0.039466666666666664,0.9612666666666667,,,0.9926,0.991,0.9920666666666667,0.9917333333333334,0.9930666666666667
193,3.583954229417832e-05,0.0,3.583954229417832e-05,0,0.0,0.0,0.0,contrastive_finetune_only,disabled,0.0,0.2822522871808921,0.9620666666666666,0.99232,0.0384,0.9620666666666666,,,0.9925333333333334,0.9921333333333333,0.9910666666666667,0.9922666666666666,0.9936,0.29087756790538555,0.9617333333333333,0.9921866666666667,0.039,0.9617333333333333,,,0.9925333333333334,0.9911333333333333,0.9922,0.9919333333333333,0.9931333333333333
194,3.3481426730367446e-05,0.0,3.3481426730367446e-05,0,0.0,0.0,0.0,contrastive_finetune_only,disabled,0.0,0.27954254782592003,0.9612666666666667,0.9921466666666666,0.039266666666666665,0.9612666666666667,,,0.9924666666666667,0.9912666666666666,0.9912,0.9924666666666667,0.9933333333333333,0.2915501572571613,0.9610666666666666,0.9920533333333333,0.03966666666666667,0.9610666666666666,,,0.9924666666666667,0.9905333333333334,0.9922,0.9920666666666667,0.993
195,3.295925350533445e-05,0.0,3.295925350533445e-05,0,0.0,0.0,0.0,contrastive_finetune_only,disabled,0.0,0.28257175972490545,0.9621333333333333,0.9923066666666667,0.03846666666666667,0.9621333333333333,,,0.9927333333333334,0.9914,0.9914666666666667,0.9925333333333334,0.9934,0.2942409761366589,0.9612666666666667,0.9920933333333334,0.039466666666666664,0.9612666666666667,,,0.9925333333333334,0.9907333333333334,0.9918,0.9922666666666666,0.9931333333333333
196,3.45428207520918e-05,0.0,3.45428207520918e-05,0,0.0,0.0,0.0,contrastive_finetune_only,disabled,0.0,0.2805018900429593,0.9619333333333333,0.9923066666666667,0.03846666666666667,0.9619333333333333,,,0.9925333333333334,0.9916,0.9912666666666666,0.9926,0.9935333333333334,0.29164259876787135,0.9614666666666667,0.9921333333333333,0.039266666666666665,0.9614666666666667,,,0.9924,0.9907333333333334,0.9923333333333333,0.9921333333333333,0.9930666666666667
197,3.267977042267437e-05,0.0,3.267977042267437e-05,0,0.0,0.0,0.0,contrastive_finetune_only,disabled,0.0,0.283892906264667,0.9618666666666666,0.9922933333333334,0.038533333333333336,0.9618666666666666,,,0.9926,0.9918,0.9912,0.9924666666666667,0.9934,0.2913656613999418,0.9614,0.9921066666666667,0.0394,0.9614,,,0.9925333333333334,0.991,0.9921333333333333,0.9918666666666667,0.993
198,3.0075293496898838e-05,0.0,3.0075293496898838e-05,0,0.0,0.0,0.0,contrastive_finetune_only,disabled,0.0,0.28025686100752556,0.9622666666666667,0.99236,0.0382,0.9622666666666667,,,0.9927333333333334,0.9917333333333334,0.9912666666666666,0.9926666666666667,0.9934,0.29083377990962694,0.9614666666666667,0.9921333333333333,0.039266666666666665,0.9614666666666667,,,0.9923333333333333,0.9907333333333334,0.9923333333333333,0.992,0.9932666666666666
199,3.1574805255191635e-05,0.0,3.1574805255191635e-05,0,0.0,0.0,0.0,contrastive_finetune_only,disabled,0.0,0.28099506775987665,0.9618666666666666,0.9923066666666667,0.03846666666666667,0.9618666666666666,,,0.9926,0.9916666666666667,0.9913333333333333,0.9924666666666667,0.9934666666666667,0.29046862360215103,0.9610666666666666,0.9920533333333333,0.03966666666666667,0.9610666666666666,,,0.9923333333333333,0.9908,0.9920666666666667,0.992,0.9930666666666667
200,3.060317093793941e-05,0.0,3.060317093793941e-05,0,0.0,0.0,0.0,contrastive_finetune_only,disabled,0.0,0.2811122349553675,0.9617333333333333,0.9922266666666667,0.03886666666666667,0.9617333333333333,,,0.9925333333333334,0.9918,0.9912,0.9922,0.9934,0.2910557556420904,0.9618,0.9922,0.038933333333333334,0.9618,,,0.9924666666666667,0.9910666666666667,0.9922,0.9921333333333333,0.9931333333333333
