epoch,learning_rate,train_loss,train_ctc_loss,train_consistency_loss,val_loss,test_loss,val_seq_acc,val_char_acc,val_edit_distance,test_seq_acc,test_char_acc,test_edit_distance,position_1_acc,position_2_acc,position_3_acc,position_4_acc,position_5_acc,consistency_weight,saved_at
1,0.001,3.7154773030962263,3.7154772694996425,3.9460956277180034e-07,3.654478556950887,3.646900716527303,0.0,0.027173333333333334,4.757066666666667,0.0,0.026493333333333334,4.7556666666666665,0.0504,0.028733333333333333,0.027266666666666668,0.029466666666666665,0.0,0.1,2026-05-21T04:33:51.244025
2,0.001,1.409903562893612,1.4098989594578744,4.605522369447332e-05,0.23094224983056386,0.2334010378599167,0.7386666666666667,0.9188133333333334,0.2966666666666667,0.7387333333333334,0.9185866666666667,0.29673333333333335,0.9659333333333333,0.9235333333333333,0.9092666666666667,0.8984666666666666,0.8968666666666667,0.1,2026-05-21T04:45:57.987128
3,0.001,0.21256118086406162,0.21255567835026554,5.502546377309565e-05,0.10847497597634792,0.10385850707242886,0.8322666666666667,0.94604,0.1816,0.839,0.9500666666666666,0.17446666666666666,0.973,0.9494,0.9354,0.9339333333333333,0.9384666666666667,0.1,2026-05-21T04:57:40.558372
4,0.001,0.12430003244185021,0.1242942058838904,5.8266119445761436e-05,0.06368839506916701,0.06314766096919774,0.8964666666666666,0.9720666666666666,0.1084,0.8974,0.9719066666666667,0.10746666666666667,0.9866666666666667,0.9728,0.9682666666666667,0.9656666666666667,0.9669333333333333,0.1,2026-05-21T05:09:17.277594
5,0.001,0.09093413492185728,0.09092844341998654,5.6915091584440755e-05,0.04736139900585016,0.04602851824853569,0.9282666666666667,0.9827066666666666,0.07446666666666667,0.9288,0.9824133333333334,0.0742,0.9899333333333333,0.9828666666666667,0.9811333333333333,0.979,0.9806,0.1,2026-05-21T05:20:54.896951
6,0.001,0.0743769041958265,0.07437148402945272,5.4201745405589465e-05,0.03936888450027133,0.03826589246053869,0.9332,0.9844266666666667,0.0694,0.9332666666666667,0.9844133333333334,0.06906666666666667,0.9920666666666667,0.9842666666666666,0.9840666666666666,0.9785333333333334,0.9832,0.1,2026-05-21T05:32:30.319234
7,0.001,0.062228050982340105,0.062222798293030686,5.252675329362059e-05,0.03387829126721869,0.03212292577273523,0.9438666666666666,0.98796,0.0576,0.9432,0.9877466666666667,0.05826666666666667,0.9918,0.9904,0.9884666666666667,0.9851333333333333,0.984,0.1,2026-05-21T05:44:05.504608
8,0.001,0.05569674525236977,0.05569142899846525,5.3162266980611355e-05,0.026832512295463434,0.025468355712108315,0.9526,0.9899066666666667,0.04853333333333333,0.9545333333333333,0.9903066666666667,0.04646666666666667,0.9916666666666667,0.9895333333333334,0.9893333333333333,0.9893333333333333,0.9896666666666667,0.1,2026-05-21T05:55:42.564885
9,0.001,0.05005661614446435,0.05005132682979373,5.2892998976520694e-05,0.023098966069643696,0.02205823145263518,0.9590666666666666,0.9914266666666667,0.041666666666666664,0.9591333333333333,0.9912933333333334,0.041466666666666666,0.994,0.9905333333333334,0.9908,0.9897333333333334,0.9920666666666667,0.1,2026-05-21T06:07:19.040069
10,0.001,0.047771777727441594,0.04776657468286742,5.2030745479299054e-05,0.01951482337974788,0.020702001662474746,0.9655333333333334,0.9924666666666667,0.034866666666666664,0.9624,0.9918,0.03846666666666667,0.9948666666666667,0.9920666666666667,0.9920666666666667,0.9912,0.9921333333333333,0.1,2026-05-21T06:18:55.901898
11,0.001,0.04507131138876014,0.045065742827313286,5.568554514965009e-05,0.02486980778789924,0.024907440611029355,0.9562666666666667,0.9905866666666666,0.0444,0.9586,0.99108,0.04226666666666667,0.9934,0.991,0.9879333333333333,0.9886666666666667,0.9919333333333333,0.1,2026-05-21T06:30:31.443071
12,0.001,0.04159403543476282,0.04158841729033738,5.618134400803163e-05,0.025099970602073397,0.025662333925953136,0.9520666666666666,0.9897866666666667,0.04926666666666667,0.9504,0.98956,0.0508,0.9892,0.9888666666666667,0.9912666666666666,0.9884,0.9912,0.1,2026-05-21T06:42:08.704559
13,0.001,0.04006604017878417,0.0400602553117222,5.784838477359569e-05,0.02212254468643417,0.021756381695065646,0.9639333333333333,0.9922133333333333,0.0368,0.9654,0.99268,0.035333333333333335,0.9946,0.9924,0.9915333333333334,0.9914,0.9911333333333333,0.1,2026-05-21T06:53:46.619962
14,0.001,0.0387425763423039,0.03873674098848465,5.8353376288765245e-05,0.019563368996667364,0.01872076791099583,0.9649333333333333,0.99256,0.03553333333333333,0.9671333333333333,0.9931333333333333,0.0334,0.9943333333333333,0.9921333333333333,0.992,0.9912666666666666,0.9930666666666667,0.1,2026-05-21T07:05:22.202488
15,0.001,0.03699576037210812,0.03699004573004786,5.714647249873711e-05,0.02097417688955708,0.020685078495616713,0.9632,0.9923333333333333,0.03713333333333333,0.9626666666666667,0.99232,0.0378,0.9941333333333333,0.9931333333333333,0.9916,0.9901333333333333,0.9926666666666667,0.1,2026-05-21T07:16:58.353323
16,0.001,0.03635202544851594,0.036346104863769976,5.920599481843445e-05,0.02213989483761446,0.020211355098662898,0.9618,0.9912,0.03886666666666667,0.965,0.9922,0.03593333333333333,0.9943333333333333,0.9916666666666667,0.9892666666666666,0.9904666666666667,0.9902666666666666,0.1,2026-05-21T07:28:35.628509
17,0.001,0.03512498381243037,0.03511886288978858,6.120915537384072e-05,0.01932117048727426,0.018019397137496465,0.9674,0.9929866666666667,0.033,0.9684,0.99344,0.031933333333333334,0.9948,0.9928666666666667,0.9930666666666667,0.9912666666666666,0.9929333333333333,0.1,2026-05-21T07:40:10.967739
18,0.001,0.032816426766494156,0.03281063269788616,5.7941061749235296e-05,0.020109038867785905,0.0181142292459573,0.9637333333333333,0.99228,0.03693333333333333,0.9674666666666667,0.9930533333333333,0.0332,0.9936666666666667,0.9923333333333333,0.9918,0.9906666666666667,0.9929333333333333,0.1,2026-05-21T07:51:47.995303
19,0.001,0.03207491457192227,0.03206873370938203,6.180877373792879e-05,0.019147870812534044,0.01855508708121488,0.9676666666666667,0.9932133333333333,0.032733333333333337,0.9674,0.9931333333333333,0.033133333333333334,0.9952666666666666,0.9928,0.9928666666666667,0.9917333333333334,0.9934,0.1,2026-05-21T08:03:26.369173
20,0.001,0.0308534382749906,0.030847245665918205,6.192612462036777e-05,0.019860881817492192,0.01861956646403608,0.9661333333333333,0.99292,0.03453333333333333,0.9688666666666667,0.99344,0.031733333333333336,0.9933333333333333,0.9929333333333333,0.9925333333333334,0.9918666666666667,0.9939333333333333,0.1,2026-05-21T08:15:03.124773
21,0.001,0.030560133278882132,0.030553794651194975,6.338663692024836e-05,0.017866022992731694,0.017753696265114315,0.969,0.9934666666666667,0.03166666666666667,0.9688666666666667,0.9934,0.03153333333333333,0.9944,0.9932666666666666,0.993,0.9935333333333334,0.9931333333333333,0.1,2026-05-21T08:26:40.931724
22,0.001,0.029400065648270537,0.02939331744232165,6.748188620611992e-05,0.019233230647270103,0.018744454278824076,0.968,0.9931466666666666,0.0326,0.9674666666666667,0.9931333333333333,0.033,0.9945333333333334,0.9926666666666667,0.9917333333333334,0.9930666666666667,0.9937333333333334,0.1,2026-05-21T08:38:18.750630
23,0.001,0.028424326263179787,0.028417550846723524,6.77540674620624e-05,0.019202437824492033,0.019531228494162983,0.9682,0.9932666666666666,0.032266666666666666,0.9666,0.9927466666666667,0.034,0.9947333333333334,0.9934666666666667,0.9924,0.9923333333333333,0.9934,0.1,2026-05-21T08:49:55.200380
24,0.001,0.027228197178756817,0.02722166677092443,6.530418245300618e-05,0.017781123980755608,0.017962949181565394,0.9698666666666667,0.9936133333333333,0.0306,0.9706,0.99352,0.030266666666666667,0.9951333333333333,0.9935333333333334,0.9925333333333334,0.9932,0.9936666666666667,0.1,2026-05-21T09:01:32.165886
25,0.001,0.026697377933059138,0.02669111271390575,6.265217786609095e-05,0.019248542613869844,0.017879678649028452,0.9688,0.99348,0.0318,0.97,0.99356,0.030533333333333332,0.9952666666666666,0.9914666666666667,0.9922,0.9942666666666666,0.9942,0.1,2026-05-21T09:13:12.084911
26,0.001,0.02619287195408667,0.026186253044412505,6.618907386457847e-05,0.020996354491217062,0.020927169668511488,0.9631333333333333,0.9922266666666667,0.03746666666666667,0.964,0.9922533333333333,0.0368,0.9942,0.9916666666666667,0.9908,0.991,0.9934666666666667,0.1,2026-05-21T09:24:50.626616
27,0.001,0.02545663094112242,0.02544979788403476,6.833036494000616e-05,0.016451823386286073,0.01655442459670982,0.9719333333333333,0.9941866666666667,0.028333333333333332,0.9734,0.9943466666666667,0.027066666666666666,0.9954,0.9933333333333333,0.9938666666666667,0.994,0.9943333333333333,0.1,2026-05-21T09:36:27.072345
28,0.001,0.024262644147034735,0.02425574505772425,6.89908285918396e-05,0.019868825931484268,0.019306025942772007,0.9672,0.9929866666666667,0.03326666666666667,0.9681333333333333,0.9931733333333334,0.032266666666666666,0.9956,0.9931333333333333,0.9916666666666667,0.9925333333333334,0.992,0.1,2026-05-21T09:48:05.950938
29,0.001,0.024718021530431414,0.02471100603798321,7.015494047393856e-05,0.017914047110540558,0.016923655909408506,0.9688666666666667,0.9933866666666666,0.03166666666666667,0.97,0.9935466666666667,0.030533333333333332,0.9943333333333333,0.9935333333333334,0.9935333333333334,0.9923333333333333,0.9932,0.1,2026-05-21T09:59:46.180050
30,0.001,0.022777960173521256,0.022770978887431556,6.981286335462106e-05,0.01832017749575898,0.0165481557574356,0.9712666666666666,0.99396,0.028933333333333332,0.9736666666666667,0.99444,0.0266,0.9951333333333333,0.9933333333333333,0.9936666666666667,0.9934,0.9942666666666666,0.1,2026-05-21T10:11:24.078781
31,0.001,0.022773088255008667,0.022765838120781284,7.250110963941552e-05,0.018278226131016467,0.016911559845185064,0.969,0.99344,0.0316,0.9697333333333333,0.99376,0.0306,0.9946666666666667,0.9923333333333333,0.9928,0.9936666666666667,0.9937333333333334,0.1,2026-05-21T10:23:02.459717
32,0.001,0.022667699416058687,0.022660522939132975,7.176511384521811e-05,0.01769541105394213,0.01743538799654537,0.9714,0.99404,0.028733333333333333,0.9708,0.9938666666666667,0.029666666666666668,0.9956,0.9922666666666666,0.9936,0.9941333333333333,0.9946,0.1,2026-05-21T10:34:40.924983
33,0.001,0.020825847347243066,0.02081883238440891,7.014973618643126e-05,0.019506384064021404,0.019793689677258954,0.9669333333333333,0.99288,0.0336,0.9682666666666667,0.99336,0.032,0.9952,0.9922,0.992,0.9922666666666666,0.9927333333333334,0.1,2026-05-21T10:46:19.916839
34,0.001,0.021639628816296212,0.02163221666860835,7.412161385478352e-05,0.018275377361984767,0.01696738986799416,0.9718,0.9940933333333334,0.028466666666666668,0.9714666666666667,0.9938266666666666,0.028933333333333332,0.9950666666666667,0.9934666666666667,0.9932666666666666,0.9943333333333333,0.9943333333333333,0.1,2026-05-21T10:57:59.492405
35,0.001,0.021329266189609605,0.021321785802000417,7.480389999545878e-05,0.01868007627083571,0.0185081413947851,0.9694,0.9934533333333333,0.031,0.9703333333333334,0.9934933333333333,0.030266666666666667,0.9946,0.9926,0.9929333333333333,0.9927333333333334,0.9944,0.1,2026-05-21T11:09:36.935804
36,0.001,0.020989542362590353,0.020982172614175527,7.369754141400335e-05,0.02117227827560273,0.020852401335493778,0.9692,0.99324,0.03133333333333333,0.9683333333333334,0.9930533333333333,0.032466666666666665,0.9953333333333333,0.9933333333333333,0.9917333333333334,0.9928666666666667,0.9929333333333333,0.1,2026-05-21T11:21:16.281493
37,0.001,0.02120368114330548,0.021196110331400165,7.570828220029528e-05,0.018140268640000918,0.017614622053706747,0.9732,0.9943733333333333,0.0272,0.9727333333333333,0.9942,0.027533333333333333,0.9949333333333333,0.9939333333333333,0.9936666666666667,0.9945333333333334,0.9948,0.1,2026-05-21T11:32:52.755458
38,0.001,0.02030735444769733,0.020299868229611145,7.486253285356465e-05,0.017377772525321536,0.017327520508869203,0.9711333333333333,0.9938533333333334,0.028933333333333332,0.9711333333333333,0.9939066666666667,0.029133333333333334,0.9951333333333333,0.9938,0.9929333333333333,0.9935333333333334,0.9938666666666667,0.1,2026-05-21T11:44:31.537341
39,0.001,0.020309176913003154,0.020301556078252906,7.620822657668863e-05,0.020568693591083865,0.01963071309402391,0.9678,0.9932,0.03266666666666666,0.9684,0.99344,0.031933333333333334,0.9942666666666666,0.9928666666666667,0.9926,0.9928,0.9934666666666667,0.1,2026-05-21T11:56:13.566425
40,0.001,0.019508879454022306,0.019501265029106332,7.614428093012456e-05,0.018641846711202135,0.01793293175805302,0.9700666666666666,0.9937466666666667,0.0302,0.9721333333333333,0.9941733333333334,0.028333333333333332,0.9946,0.9932,0.9934,0.9928666666666667,0.9946666666666667,0.1,2026-05-21T12:07:52.039738
41,0.001,0.0200141086238927,0.020006470254254446,7.638390048668953e-05,0.01948932572089058,0.01969535962557517,0.9704666666666667,0.9938133333333333,0.029733333333333334,0.9694666666666667,0.99372,0.031066666666666666,0.9950666666666667,0.9918,0.9930666666666667,0.9948,0.9943333333333333,0.1,2026-05-21T12:19:38.577602
42,0.001,0.020041208932979705,0.020033298690404835,7.910238254823655e-05,0.02154742891018298,0.02103180444261137,0.9672,0.99284,0.0332,0.9676666666666667,0.9930933333333334,0.032933333333333335,0.9933333333333333,0.9930666666666667,0.9918,0.9926666666666667,0.9933333333333333,0.1,2026-05-21T12:31:28.289968
43,0.001,0.01895508858912404,0.018947331361792125,7.75720589760957e-05,0.01953953600237146,0.01906164274647017,0.97,0.99356,0.030333333333333334,0.9706,0.99388,0.029666666666666668,0.9953333333333333,0.9932,0.9925333333333334,0.9932666666666666,0.9934666666666667,0.1,2026-05-21T12:43:43.077933
44,0.001,0.018874418576817386,0.01886680111023078,7.617478235188173e-05,0.021779023005862836,0.019541722117067548,0.9679333333333333,0.9932933333333334,0.0324,0.9704,0.9936933333333333,0.030133333333333335,0.9947333333333334,0.993,0.993,0.9931333333333333,0.9926,0.1,2026-05-21T12:57:05.722963
45,0.001,0.018647766013885434,0.018639945213872747,7.82080180086528e-05,0.017929173327366394,0.019099933882034383,0.9728,0.99436,0.027333333333333334,0.9718,0.9940533333333333,0.028733333333333333,0.995,0.9938666666666667,0.9941333333333333,0.9942666666666666,0.9945333333333334,0.1,2026-05-21T13:09:25.235052
46,0.001,0.017761840056169813,0.017753549282684564,8.290772964891014e-05,0.02039563345021549,0.019550446952032507,0.9700666666666666,0.9936133333333333,0.030333333333333334,0.9701333333333333,0.9937733333333333,0.030266666666666667,0.9946,0.9941333333333333,0.9918,0.9938666666666667,0.9936666666666667,0.1,2026-05-21T13:21:20.045918
47,0.001,0.01796961278985296,0.01796121949553552,8.393291397930754e-05,0.022341302484775467,0.020965893045001818,0.9673333333333334,0.9930266666666666,0.03286666666666667,0.9693333333333334,0.9934933333333333,0.031266666666666665,0.9941333333333333,0.9928666666666667,0.9926666666666667,0.9917333333333334,0.9937333333333334,0.1,2026-05-21T13:32:57.676035
48,0.001,0.017666703966694435,0.01765843322043178,8.270753162962917e-05,0.023749886251002317,0.022421744743102073,0.9680666666666666,0.9931466666666666,0.032266666666666666,0.9674,0.99304,0.03333333333333333,0.9940666666666667,0.9932,0.9918,0.9937333333333334,0.9929333333333333,0.1,2026-05-21T13:44:35.397107
49,0.001,0.018447622024541904,0.018439433249141438,8.188768202318378e-05,0.023091556061458445,0.022249044888368614,0.9652666666666667,0.9925066666666666,0.03553333333333333,0.9661333333333333,0.9928533333333334,0.03426666666666667,0.9936,0.9919333333333333,0.9918,0.9923333333333333,0.9928666666666667,0.1,2026-05-21T13:56:13.129373
50,0.001,0.017417331338435385,0.01740894450323675,8.386820133808735e-05,0.022651937932680204,0.022848989840504753,0.9662666666666667,0.9928133333333333,0.03406666666666667,0.9679333333333333,0.9931866666666667,0.0326,0.9943333333333333,0.9923333333333333,0.9925333333333334,0.9915333333333334,0.9933333333333333,0.1,2026-05-21T14:07:51.431915
51,0.0001,0.012614650793887267,0.012606992850499852,7.657935475560537e-05,0.017097255411959486,0.01842714784052514,0.9747333333333333,0.99472,0.0256,0.9740666666666666,0.99456,0.026333333333333334,0.995,0.9943333333333333,0.9945333333333334,0.9941333333333333,0.9956,0.1,2026-05-21T14:19:26.946180
52,0.0001,0.011052101017888033,0.011044722143403072,7.378858239306802e-05,0.017278697521228847,0.018424096208293245,0.975,0.9948,0.025266666666666666,0.9749333333333333,0.9947066666666666,0.025466666666666665,0.9950666666666667,0.9944,0.9948,0.9946,0.9951333333333333,0.1,2026-05-21T14:31:01.819199
53,0.0001,0.00997345142591013,0.009966235737901712,7.215682517292277e-05,0.017808480641868664,0.018110346575167934,0.9747333333333333,0.9947466666666667,0.025466666666666665,0.9746,0.99472,0.0256,0.9950666666666667,0.9946,0.9944666666666667,0.9943333333333333,0.9952666666666666,0.1,2026-05-21T14:42:39.375697
54,0.0001,0.010013354333166977,0.010006221391447408,7.13293329588071e-05,0.017493274847718326,0.01813386963590504,0.9751333333333333,0.99476,0.025066666666666668,0.9754666666666667,0.9947466666666667,0.025,0.9948,0.9948666666666667,0.9943333333333333,0.9947333333333334,0.9950666666666667,0.1,2026-05-21T14:54:17.642856
55,0.0001,0.009076671362509763,0.00906961799330259,7.053365123387525e-05,0.017620823987771535,0.01836940504773035,0.9748,0.99472,0.025466666666666665,0.9746,0.9946666666666667,0.0258,0.995,0.9949333333333333,0.9944,0.9945333333333334,0.9947333333333334,0.1,2026-05-21T15:05:53.905793
56,0.0001,0.009257354341387898,0.009250347109297322,7.007227297622843e-05,0.018792619823642113,0.019395569256517045,0.9754666666666667,0.99484,0.024733333333333333,0.9743333333333334,0.9946,0.0262,0.9949333333333333,0.9948,0.9940666666666667,0.9948666666666667,0.9955333333333334,0.1,2026-05-21T15:17:36.247354
57,0.0001,0.010142395261666805,0.01013527526336776,7.119996079792534e-05,0.01838918769715189,0.01871291318362249,0.9741333333333333,0.99464,0.026133333333333335,0.9747333333333333,0.99468,0.025733333333333334,0.9944,0.9942666666666666,0.9941333333333333,0.995,0.9954,0.1,2026-05-21T15:30:04.069515
58,0.0001,0.00989506239050149,0.009888005700153631,7.056698957291831e-05,0.01921200602150299,0.019330234153839894,0.9739333333333333,0.9946133333333333,0.0264,0.9750666666666666,0.9948,0.025333333333333333,0.9945333333333334,0.9945333333333334,0.9940666666666667,0.9947333333333334,0.9952,0.1,2026-05-21T15:42:35.815336
59,0.0001,0.009571140637857129,0.009564165071290648,6.975575994812452e-05,0.019724923790289662,0.01974332282570637,0.975,0.9946933333333333,0.0254,0.9741333333333333,0.9945866666666666,0.026266666666666667,0.9950666666666667,0.9948666666666667,0.9942,0.994,0.9953333333333333,0.1,2026-05-21T15:55:51.214007
60,0.0001,0.009070781272641137,0.009063820505660883,6.960774121668822e-05,0.019629861838357222,0.019959877305465244,0.9744,0.9946133333333333,0.0258,0.9736666666666667,0.99432,0.0268,0.9950666666666667,0.9950666666666667,0.994,0.9941333333333333,0.9948,0.1,2026-05-21T16:08:20.174088
61,0.0001,0.008904399102111243,0.008897529759924562,6.869321947659566e-05,0.019635008654564443,0.02038568090266587,0.9749333333333333,0.9947866666666667,0.025266666666666666,0.9720666666666666,0.99416,0.028466666666666668,0.9956,0.9948,0.9939333333333333,0.9946,0.995,0.1,2026-05-21T16:20:14.558372
62,0.0001,0.008592024183802381,0.008585132881332226,6.891292669086916e-05,0.019896875131191337,0.02036383949234211,0.9738666666666667,0.9945466666666667,0.0264,0.9745333333333334,0.9947066666666666,0.025866666666666666,0.995,0.9947333333333334,0.9943333333333333,0.9943333333333333,0.9943333333333333,0.1,2026-05-21T16:32:18.198203
63,0.0001,0.008138177105381329,0.00813132900233842,6.848109917274476e-05,0.01982861230184414,0.020281776848310982,0.9747333333333333,0.9947333333333334,0.0256,0.9747333333333333,0.9946933333333333,0.0258,0.9950666666666667,0.9946,0.9942666666666666,0.9945333333333334,0.9952,0.1,2026-05-21T16:44:16.947479
64,0.0001,0.008560896580079549,0.008554024472684198,6.87209141488503e-05,0.020485887093863495,0.020148613934475482,0.9742666666666666,0.9946266666666667,0.026,0.9748666666666667,0.9947333333333334,0.025533333333333335,0.9950666666666667,0.9950666666666667,0.9942,0.9942666666666666,0.9945333333333334,0.1,2026-05-21T16:56:21.105520
65,0.0001,0.008094433779939885,0.008087588800708026,6.844971366309827e-05,0.020400029497257006,0.02086388379654636,0.9744,0.9946533333333333,0.025933333333333333,0.9742666666666666,0.9946,0.026133333333333335,0.995,0.9948666666666667,0.9944,0.9942,0.9948,0.1,2026-05-21T17:08:27.173647
66,0.0001,0.008110182682471143,0.008103350628868326,6.83205469340984e-05,0.019579163746611446,0.020820939898381643,0.9752,0.9948,0.025,0.9746666666666667,0.9947066666666666,0.025666666666666667,0.9955333333333334,0.9948,0.9945333333333334,0.9944666666666667,0.9946666666666667,0.1,2026-05-21T17:20:09.762532
67,0.0001,0.008699305280188856,0.008692344037700448,6.96124349654253e-05,0.02202558831888964,0.023276805802895373,0.9739333333333333,0.9945066666666666,0.026466666666666666,0.9729333333333333,0.99428,0.0276,0.9950666666666667,0.9952,0.9944,0.9936,0.9942666666666666,0.1,2026-05-21T17:32:04.157100
68,0.0001,0.008370497306468003,0.00836358282286918,6.914480622363045e-05,0.021928221917650807,0.021987495827531043,0.9726666666666667,0.9942666666666666,0.027533333333333333,0.9734666666666667,0.9944266666666667,0.026933333333333333,0.9948666666666667,0.9945333333333334,0.9938,0.9938666666666667,0.9942666666666666,0.1,2026-05-21T17:43:43.206178
69,0.0001,0.00864946312237714,0.008642452959020764,7.01016536957468e-05,0.021488865656434063,0.021868582690495048,0.9738666666666667,0.9945333333333334,0.026333333333333334,0.973,0.99428,0.027666666666666666,0.9951333333333333,0.9949333333333333,0.994,0.994,0.9946,0.1,2026-05-21T17:55:21.780712
70,0.0001,0.007189502973685012,0.007182684598880249,6.818366855565858e-05,0.021771453101250275,0.022120244386498476,0.9737333333333333,0.9944533333333333,0.026533333333333332,0.9734666666666667,0.99448,0.026866666666666667,0.9952,0.9948,0.9937333333333334,0.9942,0.9943333333333333,0.1,2026-05-21T18:07:02.249600
71,0.0001,0.008480133177855636,0.008473061544091356,7.071634254846555e-05,0.02223964166227185,0.02231415792901183,0.9732666666666666,0.9944,0.027,0.9738,0.99456,0.0266,0.9949333333333333,0.9945333333333334,0.9939333333333333,0.9943333333333333,0.9942666666666666,0.1,2026-05-21T18:18:40.309097
72,0.0001,0.008323906285087546,0.008316912229534656,6.994062387072648e-05,0.02154945534270482,0.02219545163004841,0.9754,0.99488,0.0248,0.974,0.9945466666666667,0.026533333333333332,0.9954,0.9951333333333333,0.9942,0.9945333333333334,0.9951333333333333,0.1,2026-05-21T18:30:17.510041
73,0.0001,0.007750257051198995,0.007743377683196845,6.879387749733204e-05,0.022183391122110454,0.02243552610574273,0.9736,0.9944933333333333,0.02666666666666667,0.9734,0.9944133333333334,0.027,0.9954,0.9944,0.9938666666666667,0.9940666666666667,0.9947333333333334,0.1,2026-05-21T18:41:57.041991
74,0.0001,0.007601312680639655,0.0075944243255662,6.888343327508275e-05,0.022150458880522274,0.022771148898369453,0.9732666666666666,0.9944266666666667,0.026933333333333333,0.9741333333333333,0.99452,0.026266666666666667,0.9950666666666667,0.9950666666666667,0.9938666666666667,0.9935333333333334,0.9946,0.1,2026-05-21T18:53:35.210994
75,0.0001,0.007936355902215135,0.007929443809601668,6.912098245499822e-05,0.022607707236098454,0.02369051328902848,0.9732,0.9944,0.027,0.9726,0.9942933333333334,0.027666666666666666,0.9946666666666667,0.9948666666666667,0.9938,0.9938666666666667,0.9948,0.1,2026-05-21T19:05:11.821810
76,0.0001,0.008467198868741772,0.00846019207069998,7.006795879944028e-05,0.022334983516893166,0.02300905388957132,0.9737333333333333,0.9945466666666667,0.026533333333333332,0.9727333333333333,0.9942933333333334,0.027666666666666666,0.9952666666666666,0.9946666666666667,0.9940666666666667,0.9939333333333333,0.9948,0.1,2026-05-21T19:16:51.396211
77,0.0001,0.007706885372980156,0.007699862229924683,7.023137589775225e-05,0.022647007037935207,0.02306313622524176,0.9737333333333333,0.99452,0.026533333333333332,0.9733333333333334,0.9944533333333333,0.027133333333333332,0.9952,0.9945333333333334,0.9943333333333333,0.994,0.9945333333333334,0.1,2026-05-21T19:28:30.602543
78,0.0001,0.007027483305954905,0.007020622156644224,6.86114300375006e-05,0.022216978288962855,0.02320618915140646,0.9732666666666666,0.9944533333333333,0.026933333333333333,0.9718,0.9941066666666667,0.028666666666666667,0.9949333333333333,0.9945333333333334,0.9940666666666667,0.9939333333333333,0.9948,0.1,2026-05-21T19:40:07.812089
79,0.0001,0.007319505860612948,0.007312499738154111,7.006125410948048e-05,0.02243227336988178,0.022862503717472647,0.9744,0.9946666666666667,0.0258,0.9734666666666667,0.9944,0.027,0.9951333333333333,0.9948666666666667,0.9945333333333334,0.994,0.9948,0.1,2026-05-21T19:52:07.057476
80,0.0001,0.007989062777392662,0.007982109629975172,6.953147107664595e-05,0.024044426726046127,0.024649263589633118,0.9725333333333334,0.9942133333333333,0.0278,0.9708,0.99388,0.0298,0.9954666666666667,0.9936666666666667,0.9938666666666667,0.9934666666666667,0.9946,0.1,2026-05-21T20:04:23.870329
81,0.0001,0.007822499544322221,0.007815496387777733,7.003162824340896e-05,0.022898459555319276,0.02378078637620468,0.9732,0.9943866666666666,0.027066666666666666,0.9736,0.99444,0.026933333333333333,0.9950666666666667,0.9944666666666667,0.9942666666666666,0.9935333333333334,0.9946,0.1,2026-05-21T20:16:53.345614
82,0.0001,0.007513553466268162,0.0075065623876053,6.991084178173748e-05,0.023147748209554994,0.024408948046117925,0.9736666666666667,0.9944666666666667,0.02666666666666667,0.9736666666666667,0.9945066666666666,0.0268,0.9946666666666667,0.9945333333333334,0.9940666666666667,0.9941333333333333,0.9949333333333333,0.1,2026-05-21T20:29:21.375356
83,0.0001,0.007013784650062683,0.007006834517446442,6.950122954710552e-05,0.023554023796906524,0.024529759618947596,0.9731333333333333,0.9943466666666667,0.027,0.973,0.9943866666666666,0.027466666666666667,0.9952,0.9944,0.9941333333333333,0.9938666666666667,0.9941333333333333,0.1,2026-05-21T20:42:08.312387
84,0.0001,0.008239334770830204,0.008232319292428682,7.015475414788983e-05,0.023524316752621236,0.02479379246918664,0.9730666666666666,0.9943866666666666,0.0272,0.9713333333333334,0.99396,0.0292,0.9948,0.9943333333333333,0.9943333333333333,0.9938666666666667,0.9946,0.1,2026-05-21T20:54:57.991090
85,0.0001,0.007530427503859288,0.00752348719257469,6.94031782419188e-05,0.02433475392700008,0.025070110540960134,0.9726,0.9942266666666667,0.027666666666666666,0.9728666666666667,0.9942933333333334,0.0276,0.9948,0.9939333333333333,0.9938,0.9939333333333333,0.9946666666666667,0.1,2026-05-21T21:07:45.832966
86,0.0001,0.007875939972480565,0.00786881590966858,7.124058480694658e-05,0.023102403581184868,0.024223791515959603,0.9741333333333333,0.9946666666666667,0.026133333333333335,0.9734,0.9944266666666667,0.027066666666666666,0.9952666666666666,0.9945333333333334,0.9944,0.9944666666666667,0.9946666666666667,0.1,2026-05-21T21:20:17.366068
87,0.0001,0.007299948748092097,0.0072929292218422105,7.019519111116616e-05,0.023196774584611436,0.0235520340390387,0.9747333333333333,0.9947466666666667,0.025533333333333335,0.9748,0.9946666666666667,0.025533333333333335,0.9952666666666666,0.9949333333333333,0.9939333333333333,0.9941333333333333,0.9954666666666667,0.1,2026-05-21T21:32:39.642794
88,0.0001,0.0076794782993052126,0.0076724460515598236,7.03225460462688e-05,0.024146785805451994,0.02494398363662076,0.9732,0.9943466666666667,0.0272,0.9731333333333333,0.9943466666666667,0.027466666666666667,0.995,0.9942666666666666,0.9936,0.9942,0.9946666666666667,0.1,2026-05-21T21:45:09.368834
89,0.0001,0.007639577822986238,0.007632531403222518,7.046400891745829e-05,0.022308589749397287,0.0245452923325692,0.9750666666666666,0.99472,0.0252,0.9733333333333334,0.9944666666666667,0.027066666666666666,0.9957333333333334,0.9943333333333333,0.9940666666666667,0.9943333333333333,0.9951333333333333,0.1,2026-05-21T21:57:41.212168
90,0.0001,0.007447838392227121,0.007440850371024576,6.988024606835097e-05,0.02331329379455213,0.025254136538089125,0.9735333333333334,0.99452,0.0266,0.9715333333333334,0.9939333333333333,0.029066666666666668,0.9951333333333333,0.9943333333333333,0.9938,0.9942666666666666,0.9950666666666667,0.1,2026-05-21T22:10:10.568662
91,0.0001,0.007214215046052777,0.0072073027013145165,6.912338971160352e-05,0.023830759820005067,0.024902244277334465,0.9736,0.9945733333333333,0.026533333333333332,0.9718666666666667,0.99408,0.0286,0.9946666666666667,0.995,0.994,0.994,0.9952,0.1,2026-05-21T22:22:34.242574
92,0.0001,0.007163447716318322,0.007156480953709849,6.966757768033339e-05,0.023706581068232237,0.025341832980035846,0.9740666666666666,0.99464,0.026133333333333335,0.9732,0.9943466666666667,0.0272,0.9952666666666666,0.9945333333333334,0.9942,0.9943333333333333,0.9948666666666667,0.1,2026-05-21T22:34:55.229548
93,0.0001,0.007520245965649779,0.007513260622856459,6.98533457789121e-05,0.024130248502883842,0.025372427381125575,0.9738666666666667,0.9945466666666667,0.0264,0.9728666666666667,0.9942933333333334,0.027666666666666666,0.9948666666666667,0.9946,0.9939333333333333,0.9942,0.9951333333333333,0.1,2026-05-21T22:47:29.136642
94,0.0001,0.006969446610037839,0.006962613538949206,6.833072255914365e-05,0.02512150910388009,0.026189175961894035,0.9736666666666667,0.9945866666666666,0.026533333333333332,0.9726,0.9941733333333334,0.0278,0.995,0.9943333333333333,0.9942666666666666,0.9942,0.9951333333333333,0.1,2026-05-21T23:00:09.950763
95,0.0001,0.007966554833402188,0.007959491871546613,7.062969907793948e-05,0.02463038026366424,0.025141758945624558,0.972,0.99408,0.028333333333333332,0.9728,0.9942533333333333,0.027666666666666666,0.9950666666666667,0.9942666666666666,0.9934,0.9937333333333334,0.9939333333333333,0.1,2026-05-21T23:13:00.500197
96,0.0001,0.00739832234091404,0.007391377130336176,6.945212242363985e-05,0.02399272113867919,0.0251769826915582,0.9734666666666667,0.9944133333333334,0.026866666666666667,0.9740666666666666,0.9945333333333334,0.026333333333333334,0.9952666666666666,0.9944666666666667,0.9936666666666667,0.9943333333333333,0.9943333333333333,0.1,2026-05-21T23:25:41.116294
97,0.0001,0.007498971631491648,0.007492083376204027,6.888248065390923e-05,0.025036455624140825,0.025378722230488225,0.9728666666666667,0.9942933333333334,0.0274,0.9719333333333333,0.9939866666666667,0.0286,0.9942,0.9948666666666667,0.9938666666666667,0.9940666666666667,0.9944666666666667,0.1,2026-05-21T23:37:50.666760
98,0.0001,0.007486476604546676,0.007479454974602101,7.021614297347176e-05,0.02525168754185555,0.02505910330367624,0.9726666666666667,0.9942666666666666,0.027666666666666666,0.9732666666666666,0.9943733333333333,0.027266666666666668,0.9951333333333333,0.994,0.9932,0.9942,0.9948,0.1,2026-05-21T23:50:26.256688
99,0.0001,0.007145646462479167,0.007138638333859464,7.008125267789832e-05,0.02616180660534483,0.026160654786802115,0.972,0.99408,0.028266666666666666,0.9729333333333333,0.9942933333333334,0.0276,0.9949333333333333,0.9938666666666667,0.9934,0.9939333333333333,0.9942666666666666,0.1,2026-05-22T00:03:14.377679
100,0.0001,0.00774295417342572,0.007735820615576527,7.133554205543727e-05,0.025093649774553705,0.025114120498472038,0.9731333333333333,0.9943466666666667,0.027066666666666666,0.9739333333333333,0.9945466666666667,0.026466666666666666,0.9952666666666666,0.9944,0.9936666666666667,0.994,0.9944,0.1,2026-05-22T00:15:44.190775
101,1e-05,0.007313513659443197,0.007306452546282396,7.061118917439931e-05,0.02524019917734513,0.02507234011676798,0.9729333333333333,0.99428,0.027333333333333334,0.9736,0.9944666666666667,0.0268,0.9951333333333333,0.9942,0.9936,0.9941333333333333,0.9943333333333333,0.1,2026-05-22T00:27:51.239823
102,1e-05,0.0069834858845189175,0.0069764460827035175,7.039808558911318e-05,0.025317555126957207,0.02491580320608579,0.9728666666666667,0.99424,0.027333333333333334,0.9732666666666666,0.9944266666666667,0.0272,0.9950666666666667,0.9943333333333333,0.9936666666666667,0.994,0.9941333333333333,0.1,2026-05-22T00:40:13.282553
103,1e-05,0.007226993438715259,0.00721996113670097,7.032287344440451e-05,0.025357303027194213,0.02497060931100362,0.9734666666666667,0.9943866666666666,0.026733333333333335,0.9734666666666667,0.99448,0.027,0.9952,0.9946,0.9937333333333334,0.9940666666666667,0.9943333333333333,0.1,2026-05-22T00:52:26.074563
104,1e-05,0.007138546249688079,0.007131518895660702,7.027346024905066e-05,0.025059478417407445,0.02487217991455406,0.9730666666666666,0.9942933333333334,0.027133333333333332,0.9732666666666666,0.9944,0.027133333333333332,0.9951333333333333,0.9944666666666667,0.9938,0.9938,0.9942666666666666,0.1,2026-05-22T01:04:50.372173
105,1e-05,0.00658995978900114,0.006583040006133602,6.919778602376547e-05,0.024916160404714414,0.024832277055291525,0.9734,0.9943466666666667,0.026866666666666667,0.9737333333333333,0.9944666666666667,0.0266,0.9952,0.9942666666666666,0.9940666666666667,0.994,0.9942,0.1,2026-05-22T01:17:04.145998
106,1e-05,0.007797442523378985,0.007790324691940935,7.117828063076429e-05,0.024979088751390252,0.02490753714605544,0.9732666666666666,0.99436,0.027,0.9734666666666667,0.9943866666666666,0.027,0.9951333333333333,0.9942,0.9937333333333334,0.9943333333333333,0.9944,0.1,2026-05-22T01:29:27.255024
107,1e-05,0.007107506858210919,0.007100532836592486,6.974038003307733e-05,0.0247606840771703,0.024785470574162295,0.9732666666666666,0.99436,0.027,0.9736666666666667,0.99444,0.026733333333333335,0.9950666666666667,0.9943333333333333,0.9938666666666667,0.9941333333333333,0.9944,0.1,2026-05-22T01:41:37.767827
108,1e-05,0.007765109789073125,0.007758026679287546,7.083135708276781e-05,0.02497499926901146,0.024897258892077237,0.9737333333333333,0.9944666666666667,0.026533333333333332,0.9741333333333333,0.9945466666666667,0.026333333333333334,0.9954666666666667,0.9944,0.9937333333333334,0.9943333333333333,0.9944,0.1,2026-05-22T01:54:14.272075
109,1e-05,0.007353123383972811,0.007346034149910858,7.089240309765695e-05,0.024811448293596914,0.024812412916707823,0.9738,0.9944533333333333,0.026466666666666666,0.9746,0.99464,0.0258,0.9952666666666666,0.9947333333333334,0.9936,0.9941333333333333,0.9945333333333334,0.1,2026-05-22T02:06:55.225624
110,1e-05,0.00669603042627875,0.006689091117375652,6.939318046934204e-05,0.025316409340415704,0.025017847370354625,0.9730666666666666,0.99432,0.027133333333333332,0.9738,0.9945066666666666,0.0266,0.9948,0.9946,0.9937333333333334,0.9939333333333333,0.9945333333333334,0.1,2026-05-22T02:19:23.220121
111,1e-05,0.006573436511007821,0.006566471763938976,6.96474032911023e-05,0.025085732523539992,0.024786559000803392,0.9727333333333333,0.9942,0.027533333333333333,0.9739333333333333,0.99456,0.026466666666666666,0.9951333333333333,0.9942666666666666,0.9935333333333334,0.9938,0.9942666666666666,0.1,2026-05-22T02:31:42.646509
112,1e-05,0.0069427870138513495,0.006935822818243248,6.964192516253596e-05,0.025186615011700147,0.02513958011667176,0.9738,0.9944533333333333,0.026466666666666666,0.9742666666666666,0.9946266666666667,0.026,0.9953333333333333,0.9944666666666667,0.9938,0.9940666666666667,0.9946,0.1,2026-05-22T02:44:13.950773
113,1e-05,0.007107631420583078,0.007100679393383845,6.952019308082527e-05,0.02529100383039428,0.02503778399179585,0.9736,0.9943733333333333,0.02666666666666667,0.9746,0.99468,0.025733333333333334,0.9953333333333333,0.9946,0.9936666666666667,0.9939333333333333,0.9943333333333333,0.1,2026-05-22T02:56:38.097087
114,1e-05,0.006654332171046086,0.006647458485614243,6.873686762597312e-05,0.025304527200859107,0.025135184933322976,0.9733333333333334,0.99436,0.026933333333333333,0.9743333333333334,0.9946133333333333,0.026066666666666665,0.9954,0.9944666666666667,0.9936666666666667,0.9940666666666667,0.9942,0.1,2026-05-22T03:09:09.906909
115,1e-05,0.00679211031859777,0.00678521265435624,6.897664862418813e-05,0.0252191136063005,0.025199988766173555,0.9733333333333334,0.99436,0.026933333333333333,0.9738,0.9945066666666666,0.0266,0.9950666666666667,0.9946666666666667,0.9937333333333334,0.994,0.9943333333333333,0.1,2026-05-22T03:21:26.194689
116,1e-05,0.007136498694668314,0.007129546374999492,6.952324412018893e-05,0.02520084541884074,0.02497072070402331,0.9734666666666667,0.9944266666666667,0.0268,0.9742,0.9945866666666666,0.0262,0.9951333333333333,0.9943333333333333,0.9937333333333334,0.9942666666666666,0.9946666666666667,0.1,2026-05-22T03:33:29.063022
117,1e-05,0.00708632009236457,0.00707939394683929,6.926142579967356e-05,0.025136502299873853,0.02503531356940451,0.9736,0.99444,0.02666666666666667,0.9737333333333333,0.99452,0.0266,0.9952666666666666,0.9944666666666667,0.9938666666666667,0.9942666666666666,0.9943333333333333,0.1,2026-05-22T03:45:21.664995
118,1e-05,0.006726876782767899,0.006719914046698185,6.962740452831245e-05,0.025276276029885896,0.02505199308986436,0.9738666666666667,0.9944533333333333,0.0264,0.974,0.9946133333333333,0.026333333333333334,0.9950666666666667,0.9948,0.9938,0.9941333333333333,0.9944666666666667,0.1,2026-05-22T03:57:40.998299
119,1e-05,0.006682246185403918,0.006675367297168461,6.878883578486108e-05,0.025075679514311437,0.025272947855243245,0.9740666666666666,0.9944666666666667,0.0262,0.9740666666666666,0.9945733333333333,0.026333333333333334,0.9952,0.9946666666666667,0.9937333333333334,0.9940666666666667,0.9946666666666667,0.1,2026-05-22T04:10:43.586360
120,1e-05,0.006806948293444813,0.006800067477342106,6.880819031648571e-05,0.025367409741981463,0.025459577596045467,0.9734,0.9943733333333333,0.026866666666666667,0.9738,0.9945066666666666,0.02666666666666667,0.995,0.9946666666666667,0.9938,0.994,0.9944,0.1,2026-05-22T04:22:55.463555
121,1e-05,0.006956899929766691,0.006949996917951947,6.903015635013746e-05,0.02535330268875126,0.02519972339347411,0.9728666666666667,0.9943066666666667,0.0274,0.9733333333333334,0.9944266666666667,0.027066666666666666,0.995,0.9944,0.9935333333333334,0.9942,0.9944,0.1,2026-05-22T04:34:34.302745
122,1e-05,0.0075148074684183875,0.007507777856312558,7.029594628797245e-05,0.025762282752473522,0.025651842286101782,0.9733333333333334,0.99432,0.027,0.9734666666666667,0.9944533333333333,0.026933333333333333,0.9948666666666667,0.9947333333333334,0.9935333333333334,0.9941333333333333,0.9943333333333333,0.1,2026-05-22T04:46:12.741445
123,1e-05,0.0067139548756822995,0.006707038820827698,6.916050770274264e-05,0.025537830984769364,0.025597408006406114,0.9737333333333333,0.99444,0.026533333333333332,0.9730666666666666,0.9943866666666666,0.027266666666666668,0.9949333333333333,0.9946666666666667,0.9938666666666667,0.9941333333333333,0.9946,0.1,2026-05-22T04:57:51.795529
124,1e-05,0.007360918274057882,0.007353975825479522,6.942437027028063e-05,0.025305819669176464,0.025284155706098804,0.9736,0.9944,0.026733333333333335,0.9731333333333333,0.9944133333333334,0.0272,0.995,0.9944666666666667,0.9938666666666667,0.9941333333333333,0.9945333333333334,0.1,2026-05-22T05:09:29.975761
125,1e-05,0.006839488777828072,0.006832566953427093,6.921811123382733e-05,0.02534161608035732,0.025286041638681974,0.9734666666666667,0.9943866666666666,0.0268,0.9733333333333334,0.9944533333333333,0.027066666666666666,0.9950666666666667,0.9944,0.9938666666666667,0.9942666666666666,0.9943333333333333,0.1,2026-05-22T05:21:06.770376
126,1e-05,0.007118666927218666,0.007111710130239044,6.956794947972022e-05,0.025285930955087677,0.025602227150831762,0.9730666666666666,0.9943333333333333,0.0272,0.9734666666666667,0.9944666666666667,0.026866666666666667,0.9948666666666667,0.9945333333333334,0.9936666666666667,0.9940666666666667,0.9945333333333334,0.1,2026-05-22T05:32:46.035308
127,1e-05,0.006418125592987729,0.006411332454447269,6.793134128882749e-05,0.02549123423786738,0.025694701266505218,0.9727333333333333,0.99424,0.0276,0.973,0.99436,0.0274,0.9950666666666667,0.9943333333333333,0.9934,0.9939333333333333,0.9944666666666667,0.1,2026-05-22T05:44:22.793617
128,1e-05,0.006822621665328396,0.0068157964594554865,6.825204443510822e-05,0.02557449213348009,0.025984681590079647,0.9737333333333333,0.99444,0.026533333333333332,0.9734666666666667,0.99444,0.026933333333333333,0.9946666666666667,0.9949333333333333,0.9938666666666667,0.9941333333333333,0.9946,0.1,2026-05-22T05:56:00.578649
129,1e-05,0.006668790192618845,0.0066618974755789945,6.892709974677667e-05,0.025430245015823433,0.025781633344842885,0.9730666666666666,0.9943333333333333,0.0272,0.9734,0.9943733333333333,0.027066666666666666,0.9946,0.9946,0.9938,0.9942666666666666,0.9944,0.1,2026-05-22T06:07:40.153955
130,1e-05,0.006830372749286211,0.006823504876692589,6.867890094539948e-05,0.02516451507695383,0.025498149932585208,0.9734,0.9943733333333333,0.026866666666666667,0.9737333333333333,0.99448,0.0266,0.9948666666666667,0.9949333333333333,0.9935333333333334,0.9940666666666667,0.9944666666666667,0.1,2026-05-22T06:19:17.736639
131,1e-05,0.006797609493289305,0.006790707470472054,6.902028763787322e-05,0.025193801395961904,0.0252332039306298,0.9728666666666667,0.9942266666666667,0.0274,0.9731333333333333,0.99436,0.027266666666666668,0.9946666666666667,0.9945333333333334,0.9934666666666667,0.9941333333333333,0.9943333333333333,0.1,2026-05-22T06:30:53.708930
132,1e-05,0.007320400317319269,0.007313446374192738,6.953944867293882e-05,0.02521763190430702,0.025440165693670618,0.9736,0.9944266666666667,0.02666666666666667,0.9732666666666666,0.9944133333333334,0.027066666666666666,0.9949333333333333,0.9946666666666667,0.9937333333333334,0.9941333333333333,0.9946666666666667,0.1,2026-05-22T06:42:32.668909
133,1e-05,0.006548863074022821,0.006542021424694473,6.841643873527313e-05,0.02523361888017007,0.025147543168853252,0.9729333333333333,0.99428,0.027333333333333334,0.9733333333333334,0.9944,0.027066666666666666,0.9946666666666667,0.9946666666666667,0.9936666666666667,0.9940666666666667,0.9943333333333333,0.1,2026-05-22T06:54:12.581762
134,1e-05,0.006662707679254475,0.0066558715355776905,6.836140260274988e-05,0.025344087234324554,0.02536171702800378,0.9732,0.9943333333333333,0.027066666666666666,0.9736666666666667,0.9944533333333333,0.02666666666666667,0.9948666666666667,0.9947333333333334,0.9933333333333333,0.9941333333333333,0.9946,0.1,2026-05-22T07:05:48.454411
135,1e-05,0.006356758407589379,0.006349880238963214,6.878166806501603e-05,0.02524535476184671,0.025416699385920706,0.9731333333333333,0.9943333333333333,0.027133333333333332,0.9728666666666667,0.9943333333333333,0.027466666666666667,0.9948666666666667,0.9946666666666667,0.9938,0.9938666666666667,0.9944666666666667,0.1,2026-05-22T07:17:25.006969
136,1e-05,0.0076414414317332036,0.00763450182219493,6.939616135121989e-05,0.02541957461973646,0.025471433410611644,0.9732666666666666,0.9943466666666667,0.027,0.9733333333333334,0.9944266666666667,0.027,0.995,0.9947333333333334,0.9936666666666667,0.9941333333333333,0.9942,0.1,2026-05-22T07:29:04.911738
137,1e-05,0.0064221120712716325,0.006415263397307691,6.848678066536584e-05,0.025346084800394842,0.025645876479223142,0.9729333333333333,0.9942666666666666,0.0274,0.9729333333333333,0.9943733333333333,0.0274,0.9946,0.9946,0.9936,0.9940666666666667,0.9944666666666667,0.1,2026-05-22T07:40:42.659540
138,1e-05,0.007086603184366582,0.00707968747484426,6.915725736679243e-05,0.02532752202617206,0.025544992063833826,0.9725333333333334,0.9942133333333333,0.027733333333333332,0.9728666666666667,0.9943466666666667,0.027533333333333333,0.9949333333333333,0.9944666666666667,0.9935333333333334,0.994,0.9941333333333333,0.1,2026-05-22T07:52:19.711163
139,1e-05,0.0062969039255783305,0.006290077121569513,6.82679744073539e-05,0.02538676749970012,0.025434089497394174,0.9727333333333333,0.9942266666666667,0.027533333333333333,0.9735333333333334,0.9945066666666666,0.0268,0.995,0.9944666666666667,0.9936666666666667,0.9937333333333334,0.9942666666666666,0.1,2026-05-22T08:03:58.237041
140,1e-05,0.00658934616602107,0.006582538058623348,6.808105484669796e-05,0.02547925359673342,0.025694926275436288,0.9731333333333333,0.99432,0.027133333333333332,0.9730666666666666,0.9943866666666666,0.027266666666666668,0.9948,0.9948,0.9936666666666667,0.9941333333333333,0.9942,0.1,2026-05-22T08:15:33.969135
141,1e-05,0.007162565594446226,0.007155594210532945,6.971397655392398e-05,0.025561384763889146,0.02545828061573478,0.974,0.99452,0.026266666666666667,0.9734,0.9944933333333333,0.026933333333333333,0.9952,0.9947333333333334,0.9938,0.9943333333333333,0.9945333333333334,0.1,2026-05-22T08:27:10.367427
142,1e-05,0.0068999184232520095,0.006893060264580176,6.858159677192037e-05,0.025379606924974905,0.02548501261349605,0.9736,0.9944133333333334,0.02666666666666667,0.9733333333333334,0.9944933333333333,0.027,0.995,0.9948,0.9936666666666667,0.9940666666666667,0.9945333333333334,0.1,2026-05-22T08:38:50.194035
143,1e-05,0.006283629590455218,0.006276813292056042,6.816300606317652e-05,0.025311626736851153,0.02551877630186773,0.9732,0.99436,0.027066666666666666,0.9733333333333334,0.9944666666666667,0.027,0.9948666666666667,0.9947333333333334,0.9936666666666667,0.9939333333333333,0.9946,0.1,2026-05-22T08:50:28.311096
144,1e-05,0.006358662097139313,0.006351809394888096,6.852699286017534e-05,0.025356455533619496,0.025543711242746514,0.9728,0.99424,0.027466666666666667,0.9728666666666667,0.9943333333333333,0.027533333333333333,0.9949333333333333,0.9943333333333333,0.9936666666666667,0.9941333333333333,0.9941333333333333,0.1,2026-05-22T09:02:05.507956
145,1e-05,0.0066326921781853995,0.006625838855724279,6.853314181519506e-05,0.025606551841034705,0.025362148292362507,0.9734666666666667,0.9943733333333333,0.0268,0.974,0.9945733333333333,0.026333333333333334,0.995,0.9946,0.9936,0.9942,0.9944666666666667,0.1,2026-05-22T09:13:45.528161
146,1e-05,0.0074878748299865815,0.007480890318026624,6.984511569337753e-05,0.02548272509516919,0.025774478627620313,0.9736666666666667,0.9944266666666667,0.0266,0.9736,0.9945066666666666,0.026866666666666667,0.9949333333333333,0.9947333333333334,0.9936666666666667,0.9942,0.9946,0.1,2026-05-22T09:25:24.035692
147,1e-05,0.007140945846698274,0.0071339940135436335,6.951833497254743e-05,0.02577350291083209,0.025662308275285373,0.9735333333333334,0.9944,0.026733333333333335,0.9730666666666666,0.9943866666666666,0.027333333333333334,0.9949333333333333,0.9947333333333334,0.9936,0.9940666666666667,0.9946666666666667,0.1,2026-05-22T09:37:01.036720
148,1e-05,0.006537597529443207,0.006530754355748559,6.843186257756315e-05,0.025597299137555637,0.025586627995252943,0.9734666666666667,0.9943733333333333,0.0268,0.9726666666666667,0.99428,0.027733333333333332,0.9948666666666667,0.9948,0.9937333333333334,0.9941333333333333,0.9943333333333333,0.1,2026-05-22T09:48:41.818034
149,1e-05,0.0064070224151140534,0.0064001899379408965,6.832485679936196e-05,0.025652985245798298,0.025838729500603584,0.9732,0.9943333333333333,0.027066666666666666,0.9736666666666667,0.99452,0.026733333333333335,0.9950666666666667,0.9942,0.9936666666666667,0.994,0.9947333333333334,0.1,2026-05-22T10:00:18.996710
150,1e-05,0.006709898393749453,0.006702996555022738,6.901848773081188e-05,0.025444194887750685,0.025798666161652786,0.9727333333333333,0.9942,0.027533333333333333,0.9738,0.9946,0.026533333333333332,0.9949333333333333,0.9945333333333334,0.9934666666666667,0.9938666666666667,0.9942,0.1,2026-05-22T10:11:55.875456
151,1e-06,0.0066440825572653146,0.006637200525184042,6.88203400279495e-05,0.025654806113146453,0.02590303588261401,0.9729333333333333,0.9942133333333333,0.0274,0.9737333333333333,0.9945733333333333,0.02666666666666667,0.9950666666666667,0.9944666666666667,0.9936,0.9939333333333333,0.994,0.1,2026-05-22T10:23:35.571625
152,1e-06,0.006689891733848344,0.006683012136350564,6.879591093186589e-05,0.025648173484458796,0.025783670954583553,0.9734666666666667,0.9943866666666666,0.0268,0.9734666666666667,0.9944666666666667,0.026866666666666667,0.9951333333333333,0.9946666666666667,0.9937333333333334,0.9942,0.9942,0.1,2026-05-22T10:35:15.952019
153,1e-06,0.007283469727319555,0.007276522832702761,6.946886018143101e-05,0.025661098211763177,0.02580870263497806,0.9732666666666666,0.9943466666666667,0.027,0.9742,0.9946533333333333,0.026133333333333335,0.9952,0.9946,0.9935333333333334,0.994,0.9944,0.1,2026-05-22T10:46:53.741669
154,1e-06,0.006593746845318102,0.006586896772530469,6.850069229840301e-05,0.025592769269635635,0.02573230354414039,0.9733333333333334,0.99436,0.026933333333333333,0.9736666666666667,0.99452,0.02666666666666667,0.995,0.9946,0.9936666666666667,0.9941333333333333,0.9944,0.1,2026-05-22T10:58:31.698372
155,1e-06,0.007357668671982953,0.00735070039776843,6.968283178056092e-05,0.025450858040631526,0.025582894608092648,0.9726,0.9941733333333334,0.027666666666666666,0.9734666666666667,0.9945333333333334,0.026866666666666667,0.9950666666666667,0.9942666666666666,0.9935333333333334,0.9937333333333334,0.9942666666666666,0.1,2026-05-22T11:10:25.151055
156,1e-06,0.007473932709884788,0.0074669350818948,6.997629442027704e-05,0.025493336062469705,0.02565742573912036,0.9733333333333334,0.99436,0.026933333333333333,0.9736666666666667,0.99452,0.026733333333333335,0.9950666666666667,0.9946,0.9937333333333334,0.9939333333333333,0.9944666666666667,0.1,2026-05-22T11:22:02.658006
157,1e-06,0.006383756393333533,0.006376902199678911,6.854195104388055e-05,0.025666788675144804,0.02584507572273463,0.9736,0.9944133333333334,0.02666666666666667,0.9736,0.9945066666666666,0.026733333333333335,0.9950666666666667,0.9948,0.9936666666666667,0.9939333333333333,0.9946,0.1,2026-05-22T11:33:39.971826
158,1e-06,0.007024787847466099,0.007017888549513489,6.899296200260454e-05,0.025568615646061093,0.025766385353706817,0.9735333333333334,0.9944,0.026733333333333335,0.9735333333333334,0.9945066666666666,0.0268,0.9952,0.9948,0.9937333333333334,0.9939333333333333,0.9943333333333333,0.1,2026-05-22T11:45:20.222193
159,1e-06,0.006706108058265402,0.006699238412607753,6.869647595179101e-05,0.02558130247722608,0.02575899467663997,0.9732666666666666,0.9943066666666667,0.027,0.9740666666666666,0.9946133333333333,0.026266666666666667,0.9948666666666667,0.9948,0.9936,0.9939333333333333,0.9943333333333333,0.1,2026-05-22T11:56:57.732387
160,1e-06,0.006873614916823447,0.006866685548531145,6.92937775500468e-05,0.02554063484311203,0.025821043559735638,0.9733333333333334,0.99436,0.026933333333333333,0.9740666666666666,0.9946,0.026333333333333334,0.9949333333333333,0.9946,0.9936666666666667,0.9938666666666667,0.9947333333333334,0.1,2026-05-22T12:08:35.410710
161,1e-06,0.00664481808124318,0.00663791096572825,6.907108854356921e-05,0.02552512618055686,0.025758420268237752,0.9728666666666667,0.9942666666666666,0.0274,0.9736666666666667,0.99456,0.02666666666666667,0.9950666666666667,0.9945333333333334,0.9934,0.9938666666666667,0.9944666666666667,0.1,2026-05-22T12:20:13.078882
162,1e-06,0.006770924652128971,0.006764056345835563,6.868301019151528e-05,0.025664102311042793,0.0255899821176706,0.9730666666666666,0.9942666666666666,0.0272,0.9738666666666667,0.9945866666666666,0.026466666666666666,0.9950666666666667,0.9945333333333334,0.9936666666666667,0.9937333333333334,0.9943333333333333,0.1,2026-05-22T12:31:51.549448
163,1e-06,0.0070316443791471625,0.00702472012734097,6.924251908078856e-05,0.025596710002209026,0.025563553394439442,0.9734,0.9943733333333333,0.026866666666666667,0.9734666666666667,0.99452,0.026866666666666667,0.9949333333333333,0.9949333333333333,0.9935333333333334,0.9940666666666667,0.9944,0.1,2026-05-22T12:43:30.297569
164,1e-06,0.0069655739688763004,0.006958641491749586,6.932480876234227e-05,0.02564223642087527,0.02556798135943239,0.9728666666666667,0.9942666666666666,0.0274,0.9736,0.9945066666666666,0.0268,0.9953333333333333,0.9942666666666666,0.9936,0.9939333333333333,0.9942,0.1,2026-05-22T12:55:52.207555
165,1e-06,0.006944357388704832,0.006937485779833995,6.8716065071307e-05,0.025662003796722094,0.025605370438164392,0.9737333333333333,0.99444,0.026533333333333332,0.9732666666666666,0.99444,0.027133333333333332,0.9949333333333333,0.9947333333333334,0.9938,0.9941333333333333,0.9946,0.1,2026-05-22T13:08:12.351408
166,1e-06,0.0068940562824403705,0.006887207405478473,6.848877837473992e-05,0.025573725540897308,0.025592712352487616,0.9735333333333334,0.9944,0.026733333333333335,0.9738,0.9945733333333333,0.026533333333333332,0.995,0.9946,0.9938,0.9940666666666667,0.9945333333333334,0.1,2026-05-22T13:20:01.086514
167,1e-06,0.007200850153184313,0.007193883219568202,6.966945586173097e-05,0.025740023771578247,0.02580997586460356,0.9731333333333333,0.99432,0.027133333333333332,0.9738666666666667,0.9945733333333333,0.0266,0.9950666666666667,0.9945333333333334,0.9935333333333334,0.9940666666666667,0.9944,0.1,2026-05-22T13:31:38.183763
168,1e-06,0.0066349427540367155,0.00662807006227987,6.872699112656327e-05,0.025687601254173933,0.025631746579165945,0.9731333333333333,0.99432,0.027133333333333332,0.9734666666666667,0.9944533333333333,0.026866666666666667,0.9951333333333333,0.9945333333333334,0.9935333333333334,0.9938666666666667,0.9945333333333334,0.1,2026-05-22T13:43:17.344453
169,1e-06,0.006917698304816908,0.0069108102264283065,6.8880848416094e-05,0.02570322065009168,0.025622152024687237,0.9734,0.9943333333333333,0.026866666666666667,0.9734666666666667,0.99448,0.026933333333333333,0.995,0.9947333333333334,0.9936,0.9938666666666667,0.9944666666666667,0.1,2026-05-22T13:54:53.350592
170,1e-06,0.007148813484343295,0.00714191536834161,6.898135225014162e-05,0.02557957224251883,0.02565429361469202,0.9733333333333334,0.99432,0.026933333333333333,0.9734666666666667,0.99452,0.026866666666666667,0.995,0.9948,0.9936,0.9938,0.9944,0.1,2026-05-22T14:06:36.159310
171,1e-06,0.006317306727273223,0.006310476461473133,6.83027271193818e-05,0.025561985280969386,0.025639287720378587,0.9730666666666666,0.9942666666666666,0.0272,0.9729333333333333,0.9943466666666667,0.027466666666666667,0.9948,0.9947333333333334,0.9934666666666667,0.9938,0.9945333333333334,0.1,2026-05-22T14:18:48.661372
172,1e-06,0.006994856520959729,0.0069879654651152255,6.89104806920763e-05,0.02569439043248482,0.025741835218855702,0.9734666666666667,0.9943866666666666,0.0268,0.9735333333333334,0.99448,0.026866666666666667,0.9952666666666666,0.9946,0.9937333333333334,0.9939333333333333,0.9944,0.1,2026-05-22T14:30:27.112306
173,1e-06,0.006658660974537634,0.006651797300495049,6.863678303281112e-05,0.025578061746352434,0.02567028614851709,0.9734,0.9943733333333333,0.026866666666666667,0.9737333333333333,0.99456,0.02666666666666667,0.9951333333333333,0.9947333333333334,0.9936,0.994,0.9944,0.1,2026-05-22T14:42:29.769529
174,1e-06,0.006768111174765571,0.006761204472404863,6.906692108397173e-05,0.025697532757587276,0.025620083826911954,0.9732,0.99432,0.027066666666666666,0.9737333333333333,0.9944933333333333,0.02666666666666667,0.995,0.9946,0.9936,0.994,0.9944,0.1,2026-05-22T14:54:52.063301
175,1e-06,0.007245459173642562,0.007238550371549146,6.908811336865516e-05,0.02561026865534107,0.02571333709301592,0.9731333333333333,0.99428,0.027133333333333332,0.9733333333333334,0.9945066666666666,0.027,0.9950666666666667,0.9946666666666667,0.9934,0.9938666666666667,0.9944,0.1,2026-05-22T15:07:40.371235
176,1e-06,0.007007743991742349,0.0070008422796907195,6.901696479575809e-05,0.025513556095808416,0.02561508368396523,0.9731333333333333,0.99428,0.027133333333333332,0.9733333333333334,0.9944666666666667,0.027,0.9949333333333333,0.9946,0.9936,0.9938,0.9944666666666667,0.1,2026-05-22T15:20:33.447954
177,1e-06,0.0074158988406857786,0.007408914531837439,6.98433212245748e-05,0.025553410525045304,0.025674621781838443,0.9736,0.9944133333333334,0.02666666666666667,0.9736,0.9944933333333333,0.0268,0.9951333333333333,0.9946666666666667,0.9936,0.9938666666666667,0.9948,0.1,2026-05-22T15:33:11.388176
178,1e-06,0.006113655995806091,0.006106854071340708,6.801942903964248e-05,0.025698268249107786,0.025805935350896772,0.973,0.9942533333333333,0.027266666666666668,0.9736,0.9944933333333333,0.0268,0.995,0.9945333333333334,0.9936,0.9938,0.9943333333333333,0.1,2026-05-22T15:45:53.521051
179,1e-06,0.007084332276222475,0.007077443468341854,6.888807012811802e-05,0.025764239693424194,0.0258408768242547,0.9732,0.9943333333333333,0.027066666666666666,0.9734666666666667,0.99448,0.026933333333333333,0.9951333333333333,0.9945333333333334,0.9936,0.9940666666666667,0.9943333333333333,0.1,2026-05-22T15:58:35.161262
180,1e-06,0.0070995138754132705,0.007092584695856606,6.929161219159142e-05,0.025544700127312536,0.025573602304143787,0.9732,0.99432,0.027066666666666666,0.974,0.9946,0.0264,0.9951333333333333,0.9944666666666667,0.9936,0.994,0.9944,0.1,2026-05-22T16:11:08.801773
181,1e-06,0.006289796511130875,0.0062829913062700015,6.80521531803866e-05,0.025690723859181405,0.025705141052869963,0.9728,0.9942533333333333,0.027466666666666667,0.9734666666666667,0.9944666666666667,0.026866666666666667,0.9949333333333333,0.9946,0.9934666666666667,0.9938,0.9944666666666667,0.1,2026-05-22T16:23:35.734511
182,1e-06,0.006644505561881566,0.006637664947419606,6.840623104695363e-05,0.02547496113132347,0.025562036957295035,0.9733333333333334,0.99432,0.026933333333333333,0.9738666666666667,0.9945733333333333,0.026533333333333332,0.9950666666666667,0.9946666666666667,0.9936,0.9938666666666667,0.9944,0.1,2026-05-22T16:35:57.183425
183,1e-06,0.006615622800706426,0.0066088166102969415,6.80620847573404e-05,0.025584810542311667,0.025764705773899367,0.9736,0.9944133333333334,0.02666666666666667,0.9737333333333333,0.9945466666666667,0.02666666666666667,0.995,0.9946666666666667,0.9938,0.9940666666666667,0.9945333333333334,0.1,2026-05-22T16:48:23.668223
184,1e-06,0.006663809049139517,0.00665696518079537,6.843875739328463e-05,0.025633344028680404,0.02574790626172962,0.9733333333333334,0.99436,0.026933333333333333,0.9734666666666667,0.9944933333333333,0.026933333333333333,0.9949333333333333,0.9945333333333334,0.9938666666666667,0.9939333333333333,0.9945333333333334,0.1,2026-05-22T17:01:03.437400
185,1e-06,0.0066306218356681455,0.006623752895792846,6.868925952585414e-05,0.025784086302303694,0.0257071573642761,0.9726,0.99424,0.027666666666666666,0.9728666666666667,0.99432,0.0276,0.9948,0.9943333333333333,0.9937333333333334,0.9942,0.9941333333333333,0.1,2026-05-22T17:13:46.274522
186,1e-06,0.00649475323088331,0.006487890240887632,6.862999343221808e-05,0.025713608544432765,0.025872944304717628,0.9735333333333334,0.9943866666666666,0.026733333333333335,0.9733333333333334,0.9944266666666667,0.027066666666666666,0.9947333333333334,0.9948666666666667,0.9936666666666667,0.9941333333333333,0.9945333333333334,0.1,2026-05-22T17:26:29.257767
187,1e-06,0.006980424948609809,0.006973546476623181,6.878483497462834e-05,0.025708495773851064,0.025649925266874197,0.9726,0.9942,0.027666666666666666,0.973,0.9943733333333333,0.0274,0.9946,0.9945333333333334,0.9936666666666667,0.9939333333333333,0.9942666666666666,0.1,2026-05-22T17:39:08.107684
188,1e-06,0.006086739142910041,0.0060799614955245095,6.777647891077712e-05,0.025665914781889055,0.02592269847910684,0.9733333333333334,0.99436,0.026933333333333333,0.9738,0.9945466666666667,0.0266,0.9951333333333333,0.9946,0.9934666666666667,0.9940666666666667,0.9945333333333334,0.1,2026-05-22T17:50:54.101486
189,1e-06,0.006877864972580573,0.006871057231597258,6.807740101815268e-05,0.02557829755673732,0.025822657360195383,0.9738666666666667,0.9944666666666667,0.0264,0.9736,0.9945066666666666,0.0268,0.9951333333333333,0.9949333333333333,0.9937333333333334,0.994,0.9945333333333334,0.1,2026-05-22T18:02:35.449666
190,1e-06,0.006498668298464067,0.006491808940122999,6.859369847100294e-05,0.0256243070365108,0.025526811604736212,0.9732,0.9942933333333334,0.027066666666666666,0.9736,0.99452,0.026733333333333335,0.9950666666666667,0.9946,0.9935333333333334,0.9938666666666667,0.9944,0.1,2026-05-22T18:14:15.250266
191,1e-06,0.007252727828831537,0.007245803362088645,6.924466413100682e-05,0.025574365434087122,0.02561797506998167,0.9738666666666667,0.9944533333333333,0.0264,0.9735333333333334,0.9944933333333333,0.026866666666666667,0.9950666666666667,0.9947333333333334,0.9939333333333333,0.9941333333333333,0.9944,0.1,2026-05-22T18:25:55.252529
192,1e-06,0.0066175964622109725,0.0066107032471752715,6.893208785456539e-05,0.025617388060182322,0.02583037953513455,0.9728666666666667,0.9942666666666666,0.0274,0.9738666666666667,0.99456,0.0266,0.9950666666666667,0.9943333333333333,0.9936666666666667,0.994,0.9942666666666666,0.1,2026-05-22T18:37:37.232569
193,1e-06,0.006722594765303802,0.006715706174641218,6.888581745733972e-05,0.02564757413169391,0.025846589103893956,0.9729333333333333,0.99428,0.027333333333333334,0.9736666666666667,0.9945333333333334,0.026733333333333335,0.9952,0.9944666666666667,0.9935333333333334,0.9938666666666667,0.9943333333333333,0.1,2026-05-22T18:49:20.065631
194,1e-06,0.006383228651348067,0.0063764036398116205,6.825003549706058e-05,0.025649171259792214,0.02548360573452046,0.973,0.9942933333333334,0.027266666666666668,0.9730666666666666,0.99436,0.027266666666666668,0.9949333333333333,0.9947333333333334,0.9936666666666667,0.9938,0.9943333333333333,0.1,2026-05-22T19:00:59.259356
195,1e-06,0.006902917577451185,0.006895971856399072,6.945721419511496e-05,0.025578644789077953,0.02565071879280707,0.973,0.9942533333333333,0.027266666666666668,0.9736,0.99452,0.0268,0.9949333333333333,0.9946,0.9936,0.9937333333333334,0.9944,0.1,2026-05-22T19:12:38.521483
196,1e-06,0.006794078816588808,0.006787232554909172,6.84624636134166e-05,0.02566877475388228,0.02570534432465611,0.9736,0.9943866666666666,0.02666666666666667,0.9734,0.99444,0.027066666666666666,0.9949333333333333,0.9948,0.9937333333333334,0.9940666666666667,0.9944,0.1,2026-05-22T19:24:15.851018
197,1e-06,0.006937621011508132,0.006930748118848779,6.872887480380346e-05,0.02583535731479557,0.025707423751367725,0.9737333333333333,0.99444,0.026533333333333332,0.9736666666666667,0.99452,0.026733333333333335,0.9951333333333333,0.9948666666666667,0.9936666666666667,0.9941333333333333,0.9944,0.1,2026-05-22T19:35:53.872977
198,1e-06,0.00680113672212366,0.006794270860389744,6.865866453840032e-05,0.025673261074452603,0.02586820948809236,0.9731333333333333,0.99432,0.027133333333333332,0.9736,0.99448,0.026866666666666667,0.9950666666666667,0.9945333333333334,0.9936,0.9940666666666667,0.9943333333333333,0.1,2026-05-22T19:47:33.832583
199,1e-06,0.006942222136875457,0.006935277057354753,6.945047465248665e-05,0.025448501212664995,0.02572788135679663,0.9731333333333333,0.9943333333333333,0.027133333333333332,0.9728,0.99432,0.0276,0.9947333333333334,0.9947333333333334,0.9937333333333334,0.994,0.9944666666666667,0.1,2026-05-22T19:59:13.140973
200,1e-06,0.006373119406073913,0.006366287818988244,6.831594414086015e-05,0.025758006773511744,0.025911530915580867,0.9732,0.9943333333333333,0.027066666666666666,0.9728666666666667,0.9943733333333333,0.027466666666666667,0.9948,0.9946,0.9937333333333334,0.9939333333333333,0.9946,0.1,2026-05-22T20:10:50.886006
